,goods_title,goods_url,goods_img_url,goods_price,goods_cat,spec,review_count,star_point,created_at,nvmid,is_ad,chpid,keep_count
0,애플 에어팟 2세대 유선충전 (MV7N2KH/A),http://cr2.shopping.naver.com/adcr.nhn?x=dmlt%2BeC%2FIZnLSYqCuDiEw%2F%2F%2F%2Fw%3D%3Dsy252%2F5APCDI6sPMLqdl%2FzeE%2ByyAmQ9x%2FR0kyMqZatvhFxXq5RRrAbf2VfWG%2F%2B5KyG3FTuSabimQcXadx6gMDifJozvsg3RgcBeele%2BgCodJpOMV%2FVMpBMPerVw3rrKOj9HfrToLB%2B7smwXFR6IHuaIYlFAdf1OFsetsPTCIBnAs9DjdP86FOmBYD8KQqXSY%2FncdTCtt%2F7lJTxN9Crar7aGVgIqH44kupCBw98666579Bujm4MX42wGoUmDg%2FfMJZn4uC5Vw0Cyqfuwfx9OHQ1fiEVUaghBiTRZLmcSQRXUzUeXa8sMOm%2Fw%2FIwVfkZNoMzOQHxQcnl1ni2z%2FuQqAxpGM5ywTNbvkDUq403b3HrmOv1Qo7fM3J%2Fe%2FVhnj5JjQePvR5S3MHMC%2B5X9IQfTqkGmR2%2F2OpnSCA1oFvopKoEUgdYg%2BpNYu6zVojmz%2B0MnslWlc3GU8aKcnUL4GPvJkMtNhmPfoHtyjK5o6ZRJDo3Ezm3JcSERcasXm6F5Jr3gRnL%2FzNN8WO%2FBz8oyfJ9hHa5Psu%2BATfiGvqUR3U7Wnmc6mBeJ4godZtaVH0MWB1JduemjM8uPl4CGWehrQz9anenDlF4yRaLiecz2rtHRT%2F4YvcNv7YKvSU%2B6FVFiNXvW172xdJ2VAgqqT5wTXJHNGmCfV%2Bfr2ImTWatmjM4eBxUXrL8owKMh5kzzgOxohVjlPcj5f2GL1%2BHjullhYbgFWygQ%3D%3D,https://shopping-phinf.pstatic.net/main_1862208/18622086330.20190411143246.jpg?type=f140,89400,"['디지털/가전', '음향가전', '블루투스셋', '블루투스이어폰/이어셋']","{'종류': '이어셋', '무선방식': '블루투스(애플H1칩탑재)', '통화': '3시간', '구성품': '충전케이스포함', '단자': '라이트닝', '품목': '무선이어폰', '부가기능': ['가속도계센서(동작,음성)', '광학센서', '급속충전(15분충전시3시간재생)', '자동연결', '상태표시LED', '터치버튼', '자동전원', 'Siri호출(두번터치,음성)', '듀얼빔포밍마이크'], '용도': '통화+음악(스테레오)', '음악': '5시간', '착용형태': '오픈형'}",11192,,2019.04.,18622086330,False,,4487
1,애플 에어팟 1세대 (MMEF2KH/A),http://cr2.shopping.naver.com/adcr.nhn?x=Et7RnSXfhVn9yIKQjpoPqf%2F%2F%2Fw%3D%3DsPo6vEsMAbwPeYeI5qi6aWQEQrL6MvdnUnnVanhzYSCtFxXq5RRrAbf2VfWG%2F%2B5KyYNV4c9ZvhgeDd%2BOwyR3eXvJozvsg3RgcBeele%2BgCodJpOMV%2FVMpBMPerVw3rrKOj9HfrToLB%2B7smwXFR6IHuaIYlFAdf1OFsetsPTCIBnAs9DjdP86FOmBYD8KQqXSY%2FncdTCtt%2F7lJTxN9Crar7aOcjN47P6jnGKPHwLWyir%2FdBujm4MX42wGoUmDg%2FfMJZn4uC5Vw0Cyqfuwfx9OHQ1fiEVUaghBiTRZLmcSQRXUzUeXa8sMOm%2Fw%2FIwVfkZNoMzOQHxQcnl1ni2z%2FuQqAxpGM5ywTNbvkDUq403b3HrmOv1Qo7fM3J%2Fe%2FVhnj5JjQePvR5S3MHMC%2B5X9IQfTqkGuGda2ty3PJA6aFabJd7i%2FwdYg%2BpNYu6zVojmz%2B0MnslWlc3GU8aKcnUL4GPvJkMtPaFBTiO5U7X22l2BRQ8NSTm3JcSERcasXm6F5Jr3gRnZglq5HUunzNLPo%2FzC1ksI4YsBqSnVEsahGU2EpHnLmUYa8s7%2B5ZtaqMwk00tfJ0q8F88Z%2BgUufTQCbIlan5sg3Knk6RxFcQmdJAB%2BODwszJLPvhjUrbu%2BQetR7aEp%2F44M5HbYGQRP9Lxzykl0cvzjAJnXuLL%2FbZIucVOfFno9i4e6yvlD80qgSZhMC%2BQCzrS,https://shopping-phinf.pstatic.net/main_1077690/10776906666.20161214174829.jpg?type=f140,144900,"['디지털/가전', '음향가전', '블루투스셋', '블루투스이어폰/이어셋']","{'채널': '스테레오', '무선방식': '블루투스(애플W1칩탑재)', '구성품': '충전케이스포함', '품목': '무선이어폰', '음질개선': 'AAC', '부가기능': ['Siri호출(두번터치)', '빔포밍마이크', '가속도계센서(동작,음성)', '광학센서', '급속충전(15분충전시3시간재생)', '터치버튼', '자동전원'], '용도': '통화+음악(스테레오)', '음악': '5시간', '착용형태': '오픈형', '색상': '화이트계열'}",11603,,2016.12.,10776906666,False,,3166
2,애플 에어팟 2세대 무선충전 (MRXJ2KH/A),http://cr2.shopping.naver.com/adcr.nhn?x=OIa32hvtM0CAAy7f%2B3INlv%2F%2F%2Fw%3D%3Ds6Fc9gx4%2B%2Bocv57vmguuYEYP45iir9fqH0CFIyvefKu7wMHFVfyRR41kkqop4BBe7iRadRd3nug3tb41SyMexkWm8XeYjj4AayeYt52%2BF82tmPzQ1tsLPdqNS1AlGc4g4mhP9nBtMn21oif6e84DJltqUHsgHKRqzd6nX3jcvUwO6RA0f68zham6jdqM6sDWqLz75gk1EG4UZpzYdGtJKbU3pDpecj%2Bxn3YW5PjlxOJf52L1fz3LnBKJ7aSn%2B2ztI1f9kwyr2EwbGnOvvs38961IqT%2F%2FjR1hbddIADbolKEkSFt7i3nRyDgFM%2B5hYHIBZjckNvZgGVJPIKj7DQ%2BFgqh3fIBMPZc5fkShT%2BAFLZ7RG6WxmL6JlLJQ15ICOAJLBSBb58biM6Ziir%2B%2FjWgtTHmZUz709uAEE3AeWiaOIW1F9lMgB%2F%2B8iYRxbudz7RFGE6z0iAiMOPVJ9Fwxepb%2BDrlgsca8793PF5ELuipHSAWdl410yQoVUuKGfhcEsQh9wDWaAkHfMpyu91COEPH3jwsOmyacmyibXOcYGIVONSRCg7H9iNKR4na0HNtJtmMxMfRe9CBUWYx7sCxM9IdZr7hlYv8pknayfbf1wA17c22Kf4fauC6QGtus8tmJ25%2Ftp5D7Yi7%2B0C1lFurN%2Bp%2BkoC2U2OsPB8yZbkLWpwTCK%2B3DL9vAxrsHK%2FqUUbx%2BJRSxwlSc340AaK3l4ytFdnqSEkQ%3D%3D,https://shopping-phinf.pstatic.net/main_1875485/18754856889.20190604114645.jpg?type=f140,82900,"['디지털/가전', '음향가전', '블루투스셋', '블루투스이어폰/이어셋']","{'무선방식': '블루투스(애플H1칩탑재)', '통화': '3시간', '구성품': '충전케이스포함', '단자': '라이트닝', '품목': '무선이어폰', '부가기능': ['가속도계센서(동작,음성)', '광학센서', '급속충전(15분충전시3시간재생)', '자동연결', '상태표시LED', '터치버튼', '무선충전(Qi인증)', '자동전원', 'Siri호출(두번터치,음성)', '듀얼빔포밍마이크'], '용도': '통화+음악(스테레오)', '음악': '5시간', '착용형태': '오픈형'}",3652,,2019.04.,18754856889,False,,2579
3,애플 에어팟 왼쪽 오른쪽 단품 한쪽 1세대 2세대 당일발송 국내정식발매품 에어팟2 2세대,http://cr2.shopping.naver.com/adcr.nhn?x=0gJJB8niVFoRIQd%2BE0hjn%2F%2F%2F%2Fw%3D%3DsW84ahFdc1IQ6r4MheDQPbRyq3GVOwBhXFgfhDqjvnaZFxXq5RRrAbf2VfWG%2F%2B5Ky3v7acQujvQQd3Cumo3dmyfJozvsg3RgcBeele%2BgCodJpOMV%2FVMpBMPerVw3rrKOjSUx0aYgy%2BpNuSJuaHMAeCci0wzOxWXCLD2awDGTyPqliGVPbpNF3tDCUPhZDX5itCWVu7%2BcTYM%2Btk%2Bu95tdzNMdHC%2B5j%2BNUXNAjZd%2FETzrKlopbpieagPRoipJ%2FEZ19DagiK5o1NShQDksdLRQC9a2wx1KUZJVUHxfedy68wMUpttycEuMw4UbT82NkasIDUaG6MNBMtsSrOb7zoSNt7dc6AXJ5gzkgiRb4xdihRWRSpVPivptNfoJOSg0QA77RzpCJSN0HB97R659VhiShCQsL8P9FUOnkyJvQwaijn72V3ogM6NVKwKHdp4QxMMOJlgNPwUJusKPbQQsop2qb82zn5UDlEVBGw7Cij9pWv9g43FlCREgw6oTzlhY5Y1NfDhGsA2VnkAe5zlWyBlcOWYy8RK2cPaJ%2BGwN8wByfOLBWnLPhA7Th8Lc2uT1Z%2FGyxNeHko4A4aUK2fUVv9rFsI4ki61uVUntWKpMxGzxLrphRFy%2BK6VIOTRdD6joPUR3g9ficnVAC9XlnFR0aYsQ1wfZamjzBq23o4MzE2lX1RSyABGeAItczaZGCFPNMxGbWjoleHh%2F9FiZcG3XhtQYoEGvHzIHfsBPcB0A9W7I8O7HgPQh5v%2BppxBd6xQAS6Bo17fTYW19zuxIJA1vaPvbYCOw%3D%3D&nv_mid=81946053258&cat_id=50002334,https://shopping-phinf.pstatic.net/main_8194605/81946053258.jpg?type=f140,67000,"['디지털/가전', '음향가전', '블루투스셋', '블루투스이어폰/이어셋']","{'종류': '이어셋', '채널': '스테레오', '무선방식': '블루투스(애플W1칩탑재)', '품목': '무선이어폰', '음질개선': 'AAC', '부가기능': ['Siri호출(두번터치)', '가속도계센서(동작,음성)', '광학센서', '급속충전(15분충전시3시간재생)', '빔포밍마이크', '자동전원', '터치버튼']}",796,,2019.03.,81946053258,False,4401530808,643
4,[MLC] 애플 에어팟 2세대 유선/무선충전,http://cr2.shopping.naver.com/adcrNoti.nhn?x=fI57JNXQFiS6glczlkq6%2FP%2F%2F%2Fw%3D%3Ds0FHGyhbYw5Ez1neb%2FBQPJciLjvWw83RmE13U%2BRcQtbNFxXq5RRrAbf2VfWG%2F%2B5Ky3KVm7G4Licets5fCyJIJKvJozvsg3RgcBeele%2BgCodJpOMV%2FVMpBMPerVw3rrKOj4QtEncVPPL4gQwX5OPhLazOr5UE3vmy622SpZfwzc7Nn3jgXUFz1f4SHtyzz6haexH9W3P%2BWaYb8K5GJFjj4J2q1CwXakpQvdzhCwfKeNawNtvmkR9AXSVzSVIC3GMCvUtDJRPWYadGXXsZSxq0ev0vzvg%2B7Sk2187HPMvJEPpXk4oXA3iFAY755ljS1bRab%2FVf%2FA1zsophg6Q4VlVsnlkQpm6Pbb%2F5cLYOn%2FiQyaYq%2FmDX3aEdZyrT0EY3NWxrSgEc7bJxtZnzU%2B91H2Q4mO5oclMOPOWsoUo8Lsi8howOWtTcD9ez1M%2FvyZQlnMHUenpLoLkrkMFDyu%2F4cz8UqNM7sbHkDu8NAcNySzBrup7JuUdkkPaAEDMVcG0%2BZS2FXV96yIH%2Fhquup2rB8A9gVK2mcX4Atyqh8JNlSqJZvE0XClvEG%2B5MPLZIzZSisu1PrP0U%2FK%2FT%2F9fNWxumANOAOtsOXJq3%2FGpZQ2LRpMHNdo9YAX6%2FdFqOv%2FH4wnOdiohJZiUH4shANqYV3QXlgJ%2FvBTSBGsrHT74VxDax8OG7BCIM%3D&nv_mid=19739090251&cat_id=50002334,https://shopping-phinf.pstatic.net/main_1973909/19739090251.jpg?type=f140,179450,"['디지털/가전', '음향가전', '블루투스셋', '블루투스이어폰/이어셋']",{},497,,2019.06.,19739090251,False,57360784,0
5,국내정품 에어팟2 세대 AirPods2 오늘출발 내일도착 우체국 당일배송 리뷰이벤트진행,http://cr2.shopping.naver.com/adcr.nhn?x=jc0laGKPb4Si8Ai0hdxnTf%2F%2F%2Fw%3D%3DsDCnzw2oCJdY%2FFn4vAAyjMFbux0jnPa45pFedKbNAd11FxXq5RRrAbf2VfWG%2F%2B5KyB%2F%2BrzzBizQL2yDR8fOx0uqP2zIuAE9wYA1SCge86cLgWWkSX2DJIGOwmoeevc%2Fg214DJ7XGqf4hw8E4uBtBgAmH%2Fqbw2XliYZy%2FRJK8Q0XC90%2B%2BBK6Y9Gu9%2FdLwiilMnHAV%2FbSwEaWHtz1dAXbehM2KkctnxA3ZZZY94RXwtiyob7VizCqezlc4vsFbXfnti4LBYhASul5xoHn6kheqgcBkaKX7pTvXs6WG1e2oAbVUJueU4IrtA8gm9JImwcuedMa4IW3IcVA31DY1Om90iKzvgzhpTs7DWMQgyxxN1khu1f%2BKGA8vzAij2ckrnn33DEKiam01JTGRiD3qZa5jYLo2qXSiA%2FaHyz5APprWCJsc93BwU7aANgmGoGO%2BSsQjrSLIfe15n3F6m%2BTIfjC4Kiu%2B8tsz3M%2BA6NofhSoyyp7LvodK9cM8ZdVJ1wjz%2F0ajdUPuQgM6OCn62Jko1R3LFWNBjrzZkZMpcIYVRVImDR9hHPiNuswGLFH7AnWIISKPtd4p9B2kaOyI4Vlbm2z0l8lkdEHWMLeT9TcCTLPWyWnlYOFjNzAftMReknJIuUCHjx2UVW9aDQPT7Pxl7ZbtHKFszRKOh9qZLF1qWbjh4arbI1hFX0X7QUVuuqXYWTsVwmYgj6ceu8k%2BY85pKeuKzXFVqUEHdZprExMbpfzXJOO8xO54xr5a%2FQeeQBainVS8mSp2ZdNqy%2FCQu%2FkIgUSpNTg%3D%3D&nv_mid=82003872939&cat_id=50002334,https://shopping-phinf.pstatic.net/main_8200387/82003872939.8.jpg?type=f140,179900,"['디지털/가전', '음향가전', '블루투스셋', '블루투스이어폰/이어셋']","{'종류': '이어셋', '채널': '스테레오', '구성품': '충전케이스포함', '단자': '라이트닝', '품목': '무선이어폰', '부가기능': ['가속도계센서(동작,음성)', '광학센서', '급속충전(15분충전시3시간재생)', '상태표시LED', '자동연결', '자동전원', '터치버튼']}",1864,,2019.04.,82003872939,False,4459350185,3106
6,차이팟 에어팟 TWS i7 i9 i12 블루투스 무선 이어폰,http://cr2.shopping.naver.com/adcrNoti.nhn?x=LqrjOkpA%2Fu6SYImlb7%2Fpo%2F%2F%2F%2Fw%3D%3DsEQCUcnIhOj5roduVzo6ecRSFMuZhShxT7fynyK7%2FuCXwMHFVfyRR41kkqop4BBe7XGrcSpClb0YKJCbArdqepSarGbeyB6eTx7XqAL%2B7D8XrKz8o7tuc9Ij0b187ydbL6IoAkhcwn%2FPZvN%2Fk6vIHjX%2FH24q587VJP9JjnjKAVklQHKAufQ3Hbsz4ONKyknMDqr8c7d7rgbgqYRCUwqKPE8SIn3FUFHUcxhpYPuH2OnZqtQsF2pKUL3c4QsHynjWsDbb5pEfQF0lc0lSAtxjAr1LQyUT1mGnRl17GUsatHr9L874Pu0pNtfOxzzLyRD6VQmlsK7Y%2BLt9CbVKYpgaq%2BbwaF9%2FJyi%2BCaAcJSY4uPtrjJ%2Bi3%2F9pHgPPoW9Y5jWKZr3dDb%2Bj%2F4TJo9ioJWHRguLXjWECN5cAiNXmKgbr%2Fa%2F%2BsG0A7LeNPtZ3Tjvx1%2BoplOIvBYZAogImO5hhJ4Yft%2FAi%2BUeYnr9nuShp2QCjMHqC9eNJ8TZJR2tjD%2BVRilCr7DnM7viXo6RSzKnVL5Eo59oOVokvWXtfreTqUKjN5QoP8BXN60xUWRSeSEbah3pUA9MOefGE8Y5FlX0fc0OpOeXizemr3fwl%2FY2ZpFZq6bVBLI7wmKh7d%2BODdEZWfhP4yr%2BDblUoR5ql6opN76Om8loKxmtDo8c0ct5X6qc8%2BB5e9XfpNofn2Ob8WBNd7WFb3Ax3vTX3vA2N5iwtHqwkD6A%3D%3D&nv_mid=19562859308&cat_id=50002334,https://shopping-phinf.pstatic.net/main_1956285/19562859308.jpg?type=f140,17500,"['디지털/가전', '음향가전', '블루투스셋', '블루투스이어폰/이어셋']",{},75,,2019.05.,19562859308,False,6588380264,0
7,요이치 에어 포스 팟 무선 충전 2세대,http://cr2.shopping.naver.com/adcr.nhn?x=4e2ckmyXtuFqOO16wngEsv%2F%2F%2Fw%3D%3DsGMBnvUmSbH8Jl%2BU3Ss6kbgN%2F5nG2CJ4A2q1njMuB1FVFxXq5RRrAbf2VfWG%2F%2B5Ky0uFFTnXnIk4T0pBPs45wrKP2zIuAE9wYA1SCge86cLgWWkSX2DJIGOwmoeevc%2Fg214DJ7XGqf4hw8E4uBtBgAql6LyjznO%2FsH0Pfuqo3X758MBF3C2a0tFRJZWgm8n545fmJ%2BUcM91%2FRi6Py4yRgREipKw%2Bhg%2Fu81cd%2FzSxZoNnAXu1gKwBOeSHkfEMTHynOf99YsU%2FZGKSPtBk60S0okjw3QY3t52BZDVrE9neua%2BzjJLyrr8Kpd%2BM%2BwMfdZJ5Jk4aqDmUHS1BGh9SiuJPrJmVyf4fEeIwpi1WJR%2F5%2FpRf41b1TvfQyNa7hciW%2Br3JhZZiQcNYjXmUeAMkutJpC7TZmJGXHPZWxcBKJzVgN0atAL2MQXhYbmPCCS1SXjU%2Fv4uo%2BmqFwaC%2F39hswH72uptQV%2F0G0Fbpoe9g9IQOKSIAuJl6249h2e77v1ElBwqxIgQtOMDZk1gol7RXoi5QqkfCyRRbrFP0GTxEbpyDxo1lqk0A5E2VH8WW5ldUWg09ZyRQT7KRB2Zpg4dwpyizPKJFfbl4%2FtMwBeSuEgppj4i%2F%2FLtUu%2FqM%2Ff1nB72bAbHXLLVxAAkwLbHg36ORO%2FKJSxW2%2BUw0yFHK1wi7GgJFBiSF2bnsedJBa9VjySRIAhEnZ7CWpQIcqnsemGvoqSBgE3w%3D%3D,https://shopping-phinf.pstatic.net/main_2099111/20991114077.20191001085448.jpg?type=f140,39800,"['디지털/가전', '음향가전', '블루투스셋', '블루투스이어폰/이어셋']","{'종류': '이어셋', '무선방식': '블루투스5.0', '구성': '단품', '통화': '2.5시간', '구성품': ['케이스포함', '충전케이스포함'], '음압감도': '103dB', '저항': '16Ω', '기타기능': 'LED상태표시', '단자': 'USB Type-C', '품목': '블루투스이어폰', '음질개선': '통화음질개선(CVC)', '부가기능': ['Siri호출(두번터치)', '음성명령', '상태표시LED', '이어폰보관(자석)', '핸즈프리', '터치버튼', '자동전원', '배터리잔량표시', '무선충전'], '무게': '6g(이어폰),29g(충전케이스)', '조작기능': ['송수신스위치', '터치버튼'], '리모컨': ['마이크(통화)', '음악재생', '볼륨조절', '전원'], '사용범위': '10m이내', '대기': '100', '용도': ['통화+음악', '통화+음악(스테레오)'], '배터리용량': '45mAh(이어폰),300mAh(충전창)', '음악': '2~3시간', '주파수응답': '20Hz~20000Hz', '충전': '30분', '착용형태': '오픈형', '색상': '핑크계열'}",177,,2019.10.,20991114077,False,,148
8,애플 에어팟 2세대 유선충전 케이스,http://cr2.shopping.naver.com/adcr.nhn?x=518zpYaWnDre78oQhhZNNP%2F%2F%2Fw%3D%3Dsj7Kxs2Isr2ImJGGAhcKPMubbn2ILPJ7rb8NTEZiWz7HwMHFVfyRR41kkqop4BBe7cirWa%2FivCut9I7nf48eIqyarGbeyB6eTx7XqAL%2B7D8XrKz8o7tuc9Ij0b187ydbLzTJpMDkwSrrn4L0FQH4DzmM5ywTNbvkDUq403b3HrmOgL3H8K50yxowtGGzJXMBSPgmdnwEFEDI7yIrF9esOczBPLGfyyq4Q7Tku8%2FQTDnI%2FN64mlPZWDdIWzu8WT%2B0bUghsueFhLhmO26gme%2BdAx8sP3PjgD1pF4Y9jg2jHOR1utIAK8463LVa6HQmTjYBo3Tg2Ry0vHLJhIAih9EB8%2BoLIaHrl4IE1YXfYsjwXrI7DY271zd1sYmrtIel2dncsjvvCkGcmSbUp1pZfxtP8EovRVbAESChaODBFpll9%2BD19lMgB%2F%2B8iYRxbudz7RFGEqdVJFsUyNZ5UyrhBJWfbZWklV8E%2FyXJC27zcjm%2BNMw9l410yQoVUuKGfhcEsQh9wDWaAkHfMpyu91COEPH3jwqz5uBTofcYTW1BSYrVbnv4Hg8339rlD%2FL8dwLs%2BsnFCne0ra9UeFYjQE42AqdT0LVYJCIk2vV19XLjFcK90XSVV4IXBHV8t38WMd%2FxY8y5vN9I%2BO8kEeVNaaRZkTiSIfOI%2BWipgnKl86sLo8QavhBVValBB3WaaxMTG6X81yTjv9be9wbYcbEBcKJt4GPszdw%3D%3D,https://shopping-phinf.pstatic.net/main_1834434/18344345265.20190327152714.jpg?type=f140,115900,"['디지털/가전', '음향가전', '블루투스셋', '블루투스이어폰/이어셋']","{'종류': '이어셋', '무선방식': '블루투스'}",1458,,2019.03.,18344345265,False,,1201
9,당일발송 애플 에어팟 2세대 한쪽 왼쪽 오른쪽 유닛 본체 충전케이스 애플코리아정품,http://cr2.shopping.naver.com/adcr.nhn?x=ayYJJKg3L6gxlmeD46ok9P%2F%2F%2Fw%3D%3DsAUUYe3IIs0YbXp%2BGS6OWyWTCZTc5ZAnf8qrPkuKMCo%2BX2Vp5lJDj17PFAuvRflaOBBC0cvm7NW0Dzh2iI1tzUCarGbeyB6eTx7XqAL%2B7D8XrKz8o7tuc9Ij0b187ydbLu87aUbBoSxGLXNba29CvtBivXo8nvsOCjtt7m%2Bh%2F%2F7AY9mCFl%2FGf92aZSbVpKypp6VFuAElOof2%2BUSIoVkjg8WbXCjUB06Mpqj2q3zEi6ED4FjQLKtgpdaxOC6%2FeJ5KosPFNkchYwWiua4avTMsWHwiYEwwcvvIEUmaBkeOxPOvHhwQy5geX6kUGUZKYwirroMuyjq2TAL6Qa4i7abMoVOMn6Lf%2F2keA8%2Bhb1jmNYpltIt9E6TugMjeqRZ0%2FWxXDx3x49lzgWmizMlREC%2BhEbT2irKynsx%2BIhxRcKE%2B0b2%2Bk06LiucO9snagEpdcs0RkEAPThGJZzAipDtJE0UnwuQt3ohuogqWckZPJSO2qSVQDh0FYOgPBjiyItQDmL5hbxWX7yJtNFFvSMPV11NEMH%2FWfVTsn4puhGVQVKI4W8waxemN5sTx7HPh4WpWb0gdvQkq4BxgNlPjuLmogIAHtcK329n77BBOLG3Cw9mtj1bQb5azZTdNmRM%2FwDvo1Xq3Di7klCdZcHnH%2FZfKErksa0bnKGPOKDDXrc7e6kCHBug7A0346s2MzcYntWT%2BXkGux9bav9TnKhO8XQx5zm4d5wHjFHZiicWqnwsW7OTBfXgJaMSMeLcF50keVxqrzXddosZRP2U5mksp4%2Bfqy%2BkAixw%3D%3D&nv_mid=82180951465&cat_id=50002334,https://shopping-phinf.pstatic.net/main_8218095/82180951465.5.jpg?type=f140,67000,"['디지털/가전', '음향가전', '블루투스셋', '블루투스이어폰/이어셋']","{'종류': '이어셋', '채널': '스테레오', '무선방식': '블루투스(애플H1칩탑재)', '구성': '단품'}",300,,2019.08.,82180951465,False,4636431014,201
10,아이폰 에어팟 갤럭시 삼성 안드로이드 lg 차이팟 i9 plus 호환,http://cr2.shopping.naver.com/adcrNoti.nhn?x=NloBUPUVw2GecIvYJIbA7v%2F%2F%2Fw%3D%3Dspprz87hE4wKjzjiRc%2BHMSK1kTroWlV5QXY8L5SVRmpjwMHFVfyRR41kkqop4BBe7sRlXAvtBcD%2BlOc9dnu6lD7eiVDj0liwdORz5yZ%2F0YcBOafvfgoBLvObUPqTnT7ZqXwkBXKYlPU%2BdhxZCNCQAJCR3bFhS30iQCzM35WQ5dG1%2Fx%2FzqpX9AW2GF5dbR3BqPL5QEYawgdKMGdRDsGhWqpGE2Z3znRDOTxwnjXT6zlq9tL7zzB3k2tnQQtDihbRpkplzM4aRiMD3J9L4F6vhaE5pSVJxHkkwAIr%2BQc7caUKNJhC4Ai6bcbcdUgIpd7P5vEoLlIVg66wYA3r9yIh3KNkPAjx8%2F7nWF44OEKm%2FSqtANtvmkR9AXSVzSVIC3GMCvUtDJRPWYadGXXsZSxq0ev0vzvg%2B7Sk2187HPMvJEPpVUQ5zaMk8SJvpLTXjLH65PTfQh7vWbea1nWybaUxLqgwj%2BYFUvlInDaiBtQUX8HMgQdGGKqT4LVchj9do6ouYhj78l3%2FYWxlO%2B5VFcu5zbVLCPYCWWsqwiMyrbumGyudronlI3hjz8XC4QGJiKFPxDwurgWTzAkX%2Fouw2CyON6ZdDHJkOYvSOXSJt3Wqtc%2BjZKU2Fwhq%2Fi6vVIVU7ooX2Rz%2BON2ge6tnDusF9g5nZXL76JvcEGEdCN%2FVKTaYM%2Bwr3X5nQzlrra7D9IkxiGK2Q9zx%2BpMkGj%2B4MtedaITLUIdJTTDLWl3y6kAT501ZX9BbI1BigZfKcLlF4LQB5OQFLxuqkY5v%2BCg8w9ubq3ZYJ3kQcn%2BmMVQSuTRaO6O7TpPZb54UTN0I8N%2F47fNdJsHX7JXDiLIO86m3CHnuf5LHwG0A%3D%3D&nv_mid=20912358642&cat_id=50002334,https://shopping-phinf.pstatic.net/main_2091235/20912358642.jpg?type=f140,29000,"['디지털/가전', '음향가전', '블루투스셋', '블루투스이어폰/이어셋']",{},9858,,2019.09.,20912358642,False,22,0
11,무선 가성비 블루투스 이어폰 차이팟 애플 아이폰 에어팟 x 에이블팟 에어로팟,http://cr2.shopping.naver.com/adcrNoti.nhn?x=GFJe7sNTfTn1og4kfSo%2B%2B%2F%2F%2F%2Fw%3D%3Dskx6FwBPhdRkKYS8%2B7ipk4jAW3azrULDdWc84%2BK9nKFlFxXq5RRrAbf2VfWG%2F%2B5KyspynRqunIBcPfZKw0fuSjaP2zIuAE9wYA1SCge86cLgWWkSX2DJIGOwmoeevc%2Fg2SEtLHB3KbuNg%2F4OClhSo10jhRrS%2FNL89DCZDyD%2F7EO2W3IGKHTcCAQcnIH8DpDXPv93yyFFZx085xEzbukZj8SpNfuS8WNQsjVlffCoaiHSWVu%2Fiaq7iYv4LvsPRGbovo8zUAyURKLPNiLpIq3DpqVitCgq162GAHG2dmlOzCrWBGzhHHcwY7B8n1Dp7emYsztcnbXjTk%2Fcz8CzpTnarHbl%2BYKLmybLyzuvttr%2FdKHx8QMMrcWQrQW32KivpZ7yNdVW9V8ypow%2BiHWq7GqHLdKxGlHF9I4E3irLR6KPInsBbPkXSBgNGe339OCL83TvBY1RqjtRy1HkDgBKjZzW96Djdb2725RpfvoZmBoGaPw1nMUIgaDqzxrgSHF6anTQAKCIdouQQ637COxqDDlXXrtASZsfipTBZYR6HahsR1DK7TmsWe0nkmqpXfXAo7NQBBil75K%2F6kqrAICgCjW9wqM3rqNi%2F8QMFBPcwK2L02iVkIK4tHR2HVmCmeje%2F0azJVSzNoCv8tj6reeu8UecmL8ZH%2B2VwRtvyXkL%2FmljTPVe3ArWW8VsJXE5DGGTrK2NMqZI1P0nuv%2FwCnQEtUcKUsP7DvfUpfSCPrsxgf28EExxf4vH94qjz45Z0WoRGC4BPTMm8Uuo7qST5V%2FE7pt0NxfAE8rQsfYtYpTINt7VKB0qsz7Z9sHts9LBBqkNiUtkWAxmpGL%2FlZcbvr%2Fa7g%2FzhmV4SD8GOoMIaXcOcbqqz9D4%3D&nv_mid=21086494436&cat_id=50002334,https://shopping-phinf.pstatic.net/main_2108649/21086494436.jpg?type=f140,21000,"['디지털/가전', '음향가전', '블루투스셋', '블루투스이어폰/이어셋']",{},2592,,2019.10.,21086494436,False,42568,0
12,블루투스 무선 이어폰 모음전 애플 아이폰 삼성 갤럭시 LG 호환 차이팟 에어팟 2 X 오픈형 커널형 스포츠이어폰,http://cr2.shopping.naver.com/adcr.nhn?x=zOw%2FR8cfZUhaB3iVh5dTUf%2F%2F%2Fw%3D%3DsVn8ihFgDP2w9oB%2FjYMg1PrbWiKHJHQl%2BldFuemTVVwOX2Vp5lJDj17PFAuvRflaOGYq38anRzK9hfIsm3zqN0CarGbeyB6eTx7XqAL%2B7D8XrKz8o7tuc9Ij0b187ydbLu87aUbBoSxGLXNba29CvtBivXo8nvsOCjtt7m%2Bh%2F%2F7AY9mCFl%2FGf92aZSbVpKyppzzAlRMJHFROCnGMvO2LVBGbXCjUB06Mpqj2q3zEi6ED4FjQLKtgpdaxOC6%2FeJ5KosPFNkchYwWiua4avTMsWHwiYEwwcvvIEUmaBkeOxPOsSCwc7D8PwN20ZPnHymgXHVNG0%2B8wRryV55knr%2FN53BeMn6Lf%2F2keA8%2Bhb1jmNYplQtx%2FWxWyyZuUDOcqV6CL1%2Bf8%2FKoYGkFcmUQ7%2Bcnc0sN%2BTasJ1MV47Tg52mZxg58apfbbCxsDSd%2Bh6lcTFTEDo5rxuFONEEUP68z1xpnJbRqtT7ti%2BbDPCbDPuOj%2B5J8G0aJfGuD9ZNwKJfNpTMRHGut02jTD9cf9Gbkp6%2FZXyaYGBC52ASCBZ6PsokHmpM6YBGXVdZ3EYA7cTaSCWLj5eRdK%2FcROgqZ5%2Bttqe7Kth%2FHFbzXLHsr4oWwXygjjDnzu7gVEOyXX4%2FHWOtbxS%2F113cGHjSe9jlVxwpDiN5umRImFpzu3Qfagz1BQTJF9fY55HvEF%2Fj%2F%2FL3vfP0HcojH9VwHGtwaMLt0jh%2FOkpGrPzPATSED5%2BtGzIt%2B2Kz%2B3HvnAvqrxuEBLANen4KyW9CBTWg5rXMvoHAIJ6fe%2BfYN9oGQ%3D%3D&nv_mid=82172274887&cat_id=50002334,https://shopping-phinf.pstatic.net/main_8217227/82172274887.jpg?type=f140,28500,"['디지털/가전', '음향가전', '블루투스셋', '블루투스이어폰/이어셋']","{'종류': '이어셋', '채널': '스테레오', '무선방식': '블루투스5.0', '구성': '단품'}",121,,2019.08.,82172274887,False,4627754502,217
13,Apple  에어팟 2세대 [유선충전] + 에어팟 케이스 모음 [하이마트],http://cr2.shopping.naver.com/adcrNoti.nhn?x=b%2F48x4yKdGSsox8dbhLFov%2F%2F%2Fw%3D%3DsbVoMIlWkHUQ8%2BVin%2Bmh0ZRkppNw0w7k0GxfYWZHmu9PwMHFVfyRR41kkqop4BBe78vx7HsComk%2F6EIUNjPP6%2F%2FJozvsg3RgcBeele%2BgCodJpOMV%2FVMpBMPerVw3rrKOjvsH0qdg51SYUrBvssivhJ1w%2FLnmve0FG0OlSHt%2B7u0fdU9cc2PloFzbV87DmL4yG8N2YdaHBy7G65avqbFyRTTYa6xJL7Q1F%2FsbSrwbMuC4Xo3bK86atzF1bM%2BLGkVVGYqRy2fEDdlllj3hFfC2LKhvtWLMKp7OVzi%2BwVtd%2Be2LgsFiEBK6XnGgefqSF6qBwGRopfulO9ezpYbV7agBtVa4bWa2FRoObROblZdId75qycV9kMuC6IaQU6wP4KLYaHvJjfoYPhN2SikMY9f2%2B%2FYHmkjgp%2FoMr7CPRFAr9sU7K2o4yWfIjQ14elGQVq%2Fe3Et%2FMAA%2BiBt256Ps4d6eI8sdQrqVDSpB3VxX1qkk34Rxr94PByAwnqDPHYRWgIZg5MEsxI0Jb6bAONnTFemr10X%2FVwo0sqvdPFy8Y5zETPectDnz45p9aeButo%2BzfqbWGJwwUDVwpLx3TkbamLwR0%2BQYy8vhccExazk%2FOXYuiqsylV9EvD5bdwnbAmr00rA1N6vAUodbeqOc3yOZjS26uPUous%2BiCSs8g%2B1ZKsLGbAXCLIXBofErBJYNwZw%2F6GRg2QIFpUxKDNnaC56f7IwNJwnoy1KaJLTsKZ%2F6CdUC9VR2PTJ%2FBVGQNMSED2veVOZo%2B&nv_mid=19362931639&cat_id=50002334,https://shopping-phinf.pstatic.net/main_1936293/19362931639.2.jpg?type=f140,185000,"['디지털/가전', '음향가전', '블루투스셋', '블루투스이어폰/이어셋']",{},2761,,2019.05.,19362931639,False,0002621424,0
14,애플 에어팟 2세대 무선충전,http://cr2.shopping.naver.com/adcr.nhn?x=W2eUrHGYa7HaEwNgQedolP%2F%2F%2Fw%3D%3DsWXoZV1uTXWKa7nVZOoycb0EJpd5zT4l%2FqUIVCZIFG%2FrwMHFVfyRR41kkqop4BBe7DBQcX0GQfGHxkyYluRH9QLeiVDj0liwdORz5yZ%2F0YcBOafvfgoBLvObUPqTnT7Zq3S%2BYHcEPQGCNIpBknI5CDGVyf4fEeIwpi1WJR%2F5%2FpReRkWte41r6k9RhchT4jxAIvPt23Y0mhk7XSENfRqjmOo8MeWNFXAPk%2FfyCI2Hr7NdWBp8NiG4LuVETY4pEe8uCcDyRWbtorkDh0BR5ULTX0BbxFeSrLvFow5nRqgF%2FuvmBhN3r1kRFONenW2G%2BKJr81q6lMGFcCevcy3W1U1GT%2FdqUHsgHKRqzd6nX3jcvUwNAyJ0E5ZZ4JwNcjVikpEkvmHGCRnDCD%2Fs9hovS%2Bt1gJvcHs%2BKyxUxlMvdJ38sVw2lEGx3ULPH7dllyQXLUsv7zjWF9J8yYi9CrVsR%2BVm2Cm%2FbhoTRcRbt3l8bZvQk6mU0VB%2Fd9YwyIjbPFvZKa9eyh07WeCQ%2FmlxMJgl2faaDA9V6gXEx6bR6vvAaPzWcHy1F8MY1wNrc9%2Bt6OgAlZcFPSLeTlag34sYOOOZuZpTv5uIKhf%2FDmui2m6mRx478GtO1LPvhjUrbu%2BQetR7aEp%2F44N4cO37L5buYDuXzebyAbVhMzdeNY%2B3SA1WOmWpCL8KzpHLFhcy29dTABsmS3O0H3,https://shopping-phinf.pstatic.net/main_1848372/18483728924.20190403114453.jpg?type=f140,197000,"['디지털/가전', '음향가전', '블루투스셋', '블루투스이어폰/이어셋']","{'종류': '이어셋', '무선방식': '블루투스'}",714,,2019.04.,18483728924,False,,395
15,진공포장 정품 당일발송 에어팟 한쪽 단품 1세대 2세대 왼쪽 오른쪽 유선 무선 충전케이스,http://cr2.shopping.naver.com/adcr.nhn?x=Lya2NpCb0BFw%2FPwBGewUZf%2F%2F%2Fw%3D%3DsWJ91pfiM%2BzpI%2FWi7ZqHGBIrhyL%2FH1jBgfQmqzV%2FdNsqX2Vp5lJDj17PFAuvRflaOgdv2frEJC1YlsqesA2BPAmm8XeYjj4AayeYt52%2BF82tmPzQ1tsLPdqNS1AlGc4g4UcSUe0SXTUDlVqE3WJwn9qGfZSznUTy9FksUra4YX4h62fPt8m9kc%2FGCVEBzccNXeODWyE%2F1vNclb734Lj5jS2jYY7OSRsRJZRO%2BkQSYq4gxYwKYCF2wSheYXztta1k90KwhYrfAVEmMb%2FMhECMzRn4KtmF7S2loKmj8gFN3JfesjUQX0FOrXbTvkRCIlZfEwKH3BIx0U59FmO61U%2BQPALnhmcBazf1izneXUVX8ojhIikzMm95IijF%2Bk%2FvknJSJ87jaMVgx6Cssm%2FJLtsbGaOyAbfG5qZv6UpIAzLVOcDt3koJmE7IjZ5XE8dQKCtCyOo5iuPu7k26f%2F27XBswyk0rvIfY6PvB3YY%2FpvTxu80IQGRNXUJECSkhMmHkZmtLsoPiVMUe7CgEFYwLbfwmEDt%2BZyY41Eol96ghis3QUIlTiKJ4HmHZ%2FpFrZIyrcUauw8SnxpKv0yESZ2PeDbbm7p8xp%2BtHVMNFwtYHwJ1WhSoTKgks%2BVc94VYGrPsI4sHs9SyTji7PPIK0rQLK8lfkFwPQHTz7H6kMPtOaZIWI9XXDAemb6s9k5dexMMJcsPiyrpUfR7w%2Bk%2FJPeDw%2FcvyZCcTAGoL%2Febl3J6617rj529dDvOL12TG8AImOmwy2xzl6qKs2ZRECbN7GwWKg3keM%2BRg%3D%3D&nv_mid=82094491384&cat_id=50002334,https://shopping-phinf.pstatic.net/main_8209449/82094491384.5.jpg?type=f140,68000,"['디지털/가전', '음향가전', '블루투스셋', '블루투스이어폰/이어셋']","{'종류': '이어셋', '채널': '스테레오'}",192,,2019.06.,82094491384,False,4549971332,188
16,[애플]정품 에어팟 2세대 무선 충전 MRXJ2KH/A,http://cr2.shopping.naver.com/adcrNoti.nhn?x=gznnBIWtfk17U7w2S%2B0j%2Fv%2F%2F%2Fw%3D%3DszJTWDs%2BNbmt1THckD%2FEzLOJpV7tmxCQmPqUFW%2BFMwnTwMHFVfyRR41kkqop4BBe7NuHzHTxpV8R5FtO8igKkLGm8XeYjj4AayeYt52%2BF82tmPzQ1tsLPdqNS1AlGc4g4pFb2IkpwwTWclQZqnmxSKKtY6iqcOOBmUZPQhHKyIi2C6x5GVJuh%2FYwD6CaEBl9gkX%2FgT4l8t9tN0zq4D49YmybKYWeWd6d6V72TKACv4Mn3wxY04oK3mbTRCREw8dCn%2FhOoTdpB90pw8TonNBHcme7hJFvrOEsRwXliixRZPALIij%2B%2Fnq%2FxuSs8Y%2FDap%2Bd77ydccGp7XVwQkfWyZ74xgzjbueC70q7lOLl%2BbIgptw1%2BbkgDyaRoIa6WGpHha1EeCquII3QhIWm1aXa3atmHsCamG9jL78CApFP9gqpxWv37FuPEG5wVLoUvAl7j7TjgdC8%2FNYa5RV65twiAnTZDdaRyexlbjRW5vYoira8V1TFiF6TNA6awKmpyvhcl0Aq2p0NkW2UN6vZV1l2qC%2B7OsB7rKHQFpDexCXY%2FVAmNIk20uLiMiWWg6u2BfYR3sJhcQgXiqAchtLP2W49YVRYf%2FqbrCFcjhy41Ym9sQNDtGNwOOFwW%2FKoEGEY50efMAAvVUafqCDRVet1WopK5veVOgwDX0giBq0EuXByl9pQvjN7H5oBvBR50zGIV5qN69d2T1GEmQr7sVWnyY2UG4jRRXVVqUEHdZprExMbpfzXJOO8FO8PZXTQM4gZxHnMmzGXtUeGhdap6ao8unffYwlsCOA%3D%3D&nv_mid=21005126553&cat_id=50002334,https://shopping-phinf.pstatic.net/main_2100512/21005126553.jpg?type=f140,202510,"['디지털/가전', '음향가전', '블루투스셋', '블루투스이어폰/이어셋']",{},18,,2019.10.,21005126553,False,714534375,0
17,애플 에어팟 2세대 유선 / 무선충전 MV7N2KH/A,http://cr2.shopping.naver.com/adcrNoti.nhn?x=ylcmJTT9PGiy5agZV2OPMv%2F%2F%2Fw%3D%3DstN3tdaHirptBBx0SPINLp9r0Tz76wyHEsDp5qkcibs9FxXq5RRrAbf2VfWG%2F%2B5Kywxq%2FhXJHC2hX6jHgknerNPJozvsg3RgcBeele%2BgCodJpOMV%2FVMpBMPerVw3rrKOjvsH0qdg51SYUrBvssivhJ%2F4POgxeo0tF81azD%2B14ZVQWzcRKyMUcyG1enZIQn5Vn3Iov04E1alCLMJLKYKtZicw599byDtTUj7ui4xu9m3mpkyrsFLai77mbkeiGuZDFslO02ldZQOX7%2BoyNi%2FUAEbtN7WT3YMDZAkC6DkXxJpgb8swcQlcgrZRqsCZJ99GTVqwwO5D3YnIWSSUpqAOyA6NRe492lU4lQYJbeBrFkCvAkVjRdHCsvMmrDXcqQ%2FEhBhtQQMm6gaabZNa1%2FBwuNbEquvVhd65PUG7jUkwzJhWamq2qiBM2lXPcnUgW2b%2BWEAPThGJZzAipDtJE0UnwucX1E4DOZNpO5H0lA7RgCovQgFgKJDVCyTa%2F3Zvn%2F2SkVBaN4e7vUI4VespZpqsssUG3OKgbmHybkHzeOLd6mayIxoX37l5IF8oD86w2ReTm0pl6sMUD%2F4%2BLYiEOxjHFOAMHCYiHzYEkWePjMzZTgYQ6YQOkVfNqbgxN2o1iSImt2ITVTPjXXnNYcbYGAWdx0mEYCRerY6P7nGlZRhtWu4wgRrKx0%2B%2BFcQ2sfDhuwQiD&nv_mid=20952242897&cat_id=50002334,https://shopping-phinf.pstatic.net//20190926_3/37d3b9c9-fd5b-4c00-bbfb-cb1270ed5700.jpg?type=ofullfill_200_200,162000,[],{},709,,,20952242897,False,6789646592,0
18,TD 애플 정품 에어팟 2세대 왼쪽 오른쪽 단품 한쪽판매 본체 당일발송 국내AS,http://cr2.shopping.naver.com/adcr.nhn?x=amrcIhisrufaeEDr1EvlAP%2F%2F%2Fw%3D%3DsfX87pS9CZwMo952FHSXyCdeD5OLFU8BCmGGPM3grMNzwMHFVfyRR41kkqop4BBe727nLRd93KwFIlIH7sh67%2FyarGbeyB6eTx7XqAL%2B7D8XrKz8o7tuc9Ij0b187ydbLu87aUbBoSxGLXNba29CvtBivXo8nvsOCjtt7m%2Bh%2F%2F7AY9mCFl%2FGf92aZSbVpKyppvWS0ORs7ZLN6UA2HUA7Em2bXCjUB06Mpqj2q3zEi6ED4FjQLKtgpdaxOC6%2FeJ5KosPFNkchYwWiua4avTMsWHwiYEwwcvvIEUmaBkeOxPOvrjkdw0wzvLf1uQcEmu%2BCrHwKUvP7p7cNwsiuvJhXfceMn6Lf%2F2keA8%2Bhb1jmNYpmDPAgmNes18mSQSOudGIyMpOeOhYhyFwtVeDU1QfqVBhDNec2mcxjtjLt6eDPDep7lv3vqt2F0dyhWw8RhJwIulF0gnm0yPzlwtadsqsGuTwN6w9upVeuU3Zvcer2Dw1VIAlc%2FJQME%2FLM3Ow7UlWe9y%2BJfV73inxGfKt6VCsoWx5tIvKq4AKmeiPd2xCP4oXSWQVh8CoFrc1xzL1hoKA%2Fvm03jqpI5Haqpt4dPJEQ9uFg4WM3MB%2B0xF6Scki5QIeOfuvaQJDtVP%2FcRnA5hyy51J6GnVHQowZ8rjzPCD3qqDqxiaoCyAokrkV0weAoAb5Lb3zpobeX80AG%2F1Yqkex8KFbmCqEJVMlA5HXYuVcCOfwRcAuLJM57JFw0M0FZ%2BqqhU0RuhgpztyIJmLe8Yy3Nv&nv_mid=82170177844&cat_id=50002334,https://shopping-phinf.pstatic.net/main_8217017/82170177844.jpg?type=f140,66000,"['디지털/가전', '음향가전', '블루투스셋', '블루투스이어폰/이어셋']","{'종류': '이어셋', '채널': '스테레오', '무선방식': '블루투스5.0', '구성': '단품', '호환가능OS': ['IOS6.1이상', 'iOS5.0이상', 'iOS6.0이상', 'iOS7.0이상', 'iOS7.1이상', 'iOS8.0이상', 'iOS8.1.2이상', 'iOS8.2이상', 'iOS9.0이상', '아이폰4s이상'], '구성품': '충전케이스포함', '품목': '블루투스이어폰', '단자': '라이트닝', '부가기능': ['Siri호출(두번터치,음성)', '가속도계센서(동작,음성)', '광학센서', '급속충전(15분충전시3시간재생)', '듀얼빔포밍마이크', '상태표시LED', '자동연결', '자동전원', '터치버튼'], '마이크기능': '마이크', '항목': ['SNS', 'e메일', '문자', '어플리케이션', '일정', '전화', '카톡'], '호환OS': 'iOS5.0', '구분': '이어폰'}",71,,2019.08.,82170177844,False,4625657459,45
19,i30 TWS 차이팟 에어팟 무선 블루투스 이어폰,http://cr2.shopping.naver.com/adcrNoti.nhn?x=ekdeacmGCXdhZ6aE5M7yrf%2F%2F%2Fw%3D%3DsFXef5JVt2Ak6GwkuHDd8fEPNvwX%2FQhyvab7ASTMxeOZW%2FPzaE7m4v5r7WRMQpV3HE0n6YexnyXVoyzbnmeMMsLeiVDj0liwdORz5yZ%2F0YcBOafvfgoBLvObUPqTnT7ZqFJ9rNg1yyRo%2BE%2Fjcwu53mTpAzsrCIkFLfQB%2FLki8ZmF7r9QTOnXzrvcGp4Bh%2F2s1N2f7NiEIB3u2eOZ6FEbxorX2HEEDXuLV8qBh5rA19U64nEevIKoEZs08ipSSdYWOfEDDK3FkK0Ft9ior6We8jXVVvVfMqaMPoh1quxqhy3SsRpRxfSOBN4qy0eijyJ7AEBde1%2BrK0elR8WVcxShbzlGqmgaKJVM81ax1F88rfHammCgtBB8Mn82uWIJQj1L2UmbEOBMcZPC2VRR7N1DQYXuiL62yVeIYmUkMkV4j%2FLaesviNrognibU1bZnflHUFv20OO2k9jUkGz0yPQuIsOo%2BjoE9ldncvPsvfJXn6KamfN4sqiM%2BYeG2tYAymJQIMQQbrv0De%2BK0yrqoxi2z6d%2FBU7gar5ZXz2m6qogVgJLY0X9LZGlSDp%2BxB2YkAvPvyROJq5Kl3%2Frbxd04ZQmw9l7ikcTzjpYX0qJlSUXtms%2F59CwazxgwzVt4NiOcTz%2F619AxzpRvHJ7jLB6izUICtiP0KCgtxCnIps2SWThZ2NXU%3D&nv_mid=20987723498&cat_id=50002334,https://shopping-phinf.pstatic.net//20191010_22/e0ab9eff-cb6d-424b-8077-8b92b4687670.jpg?type=ofullfill_200_200,27350,[],{},18,,,20987723498,False,6797644255,0
20,[재고확보] 애플 정품 에어팟 2 유/무선모델 모음전,http://cr2.shopping.naver.com/adcrNoti.nhn?x=q%2Bv0ruEFgpqeWxwIChYEyP%2F%2F%2Fw%3D%3DswWjZSivnwYVEAGfbD%2FjQsPQuoPvwbftEXYZGEGrwNBPwMHFVfyRR41kkqop4BBe7z7d0EyDWqKUCA5VjM4rdqCarGbeyB6eTx7XqAL%2B7D8XrKz8o7tuc9Ij0b187ydbLlm1FeTrGDbHgy%2BPpklFQhNd4S%2Ff1U3WVYxBylD74IM7IC9BPI9kKPmDHxmrf5jnVfdjZCQ1D8SFuGC9tm2cNpqHTVI9c4byNN8n3XQreI2DJhaHiQaKuRiNvh7K0ne0ivlYmMiNcHi2ees92HQEw6imbXVaBqXYdVdvFlsRNBD8KLLBm2TzM1t7d2MJB1%2BWy3Tg2Ry0vHLJhIAih9EB8%2BoLIaHrl4IE1YXfYsjwXrI7DY271zd1sYmrtIel2dncsYxih2DNfD0LBjjio473ALHKHdWZgV%2FMyxFPBG7ZSJYse8mN%2Bhg%2BE3ZKKQxj1%2Fb79SifuqBUlLqrS1Lr8IOiwJPNHe9i%2FUvQm7nh5pXHKPfFdfRhMguu%2BzT%2FCTAdHlrvNK%2B4OTlj%2ByjKnDq8BhlWTtuW%2Fe%2Bq3YXR3KFbDxGEnAi5Td9%2BtEsuC70FWt74uwfNQcF6iB7LqBIK51Z%2FlYFRJx8Bp%2FJzsFx9xi25yAnTy2Rf%2Ba41jpl4sht8iJoYwoJ92Wa5um71EpV46rzN7%2FwA1P%2FZckfr7eK0gaB2kNK9boCqqFW8AWukm5g7u0tp%2FGnSLI53dRs1qfI6uCVPyMrGrbsvyjAoyHmTPOA7GiFWOU9xzWZGIFFX0jlQiBhWJNoELzLSSnjQ3K4ag8FVqJ2oSMg%3D%3D&nv_mid=19497648827&cat_id=50002334,https://shopping-phinf.pstatic.net/main_1949764/19497648827.1.jpg?type=f140,170170,"['디지털/가전', '음향가전', '블루투스셋', '블루투스이어폰/이어셋']",{},621,,2019.05.,19497648827,False,1000033425287,0
21,APPLE애플 에어팟2 유선충전 AirPods,http://cr2.shopping.naver.com/adcrNoti.nhn?x=GENxhezuAXpJ5vNBwWT3Vv%2F%2F%2Fw%3D%3DseCV7TakRk%2F8bWmczkOJpv2fo12z6K66O6%2FwDWjyefsiX2Vp5lJDj17PFAuvRflaOldaaczxRuyRYJ0UuE9awQWm8XeYjj4AayeYt52%2BF82tmPzQ1tsLPdqNS1AlGc4g4jxmkkbEh1ttiXYMzxB2z15wE4i0AgTwHMS1O2akl3q3Q8BD49mcGqImrBL%2FG46hTbaZaavO8UP6BJyocfuwG84P7w%2F3oiCIt6rOoosgcLfl9LsW4RgipVPKA%2F2IN4cAJ4mmic2vQ8l3OPvPdLBTB59wUzXNaLvM9Oy%2BqxIs2zvkV3iFWmAiNEdYtviBPxcP0mte3oOn89%2Fva96DM9U57VR7yY36GD4TdkopDGPX9vv0gTwQ%2FH5FLcwU0FSHb7aiW428iK9J9iqn3htjWas10d4soBOGHUNvg902tIRlW%2BPz6zOjxYnZs9L1QO7LyM%2FWyxIkXqC7FtvHDE1jhk08yROvLQf5p6%2Byf%2FT%2BjVNT24CsMwPChUked8s5u7ERWmuKuobON5nvl8EHojz8UuXrn0dKZerDFA%2F%2BPi2IhDsYxxTg8mouBU5oe4PKXRloYtXlWO2pyP69gjvq6lkLX003zYCRlUPXflsECCKykEGIz458U%2FJLPdUFUWmiFOI9f080hJrnR0YutQ9MsEjWo3c0KIQ%3D%3D&nv_mid=20833009935&cat_id=50002334,https://shopping-phinf.pstatic.net/main_2083300/20833009935.1.jpg?type=f140,179000,"['디지털/가전', '음향가전', '블루투스셋', '블루투스이어폰/이어셋']",{},854,,2019.09.,20833009935,False,CS0001,8
22,에어팟 블루투스 이어폰 차이팟 i10,http://cr2.shopping.naver.com/adcr.nhn?x=FD23IXczyVD1udLM265dov%2F%2F%2Fw%3D%3DsnTETmdDy69j0tv4sBb4tm6jvm8J%2BtxNWZ%2BxvhsJOuanwMHFVfyRR41kkqop4BBe7EFCBLOGo663lScVpRi4XbiarGbeyB6eTx7XqAL%2B7D8XrKz8o7tuc9Ij0b187ydbLu87aUbBoSxGLXNba29CvtBivXo8nvsOCjtt7m%2Bh%2F%2F7AY9mCFl%2FGf92aZSbVpKyppGcI%2FJE%2F3LWRlqwlZep8oXmbXCjUB06Mpqj2q3zEi6ED4FjQLKtgpdaxOC6%2FeJ5KosPFNkchYwWiua4avTMsWHwiYEwwcvvIEUmaBkeOxPOsLqh9a%2FIZ0%2B%2F7RE%2BjxcqCf5%2FZ3pK6VvAgNd2iduBNU3h7yY36GD4TdkopDGPX9vv22%2FFHEruwXMOQxwpXwswJCRI7CCCAKw%2BN3WvvsJm9FkelhYcUYopWrtSp5mrKztnq5F0z213AQgkAhH2Kz2asgbX%2FjzU872CBGrfR1kAJAfga%2BOw84MWsm5c0FDIEIuohzRg2Zw7rT7%2FgyvsqBzum9OtskVBWmHGiH8sK4U3eZG3pJePbgb0xQftK6X5%2BJCIqAoXIgg69ul9szhQH%2F2NiTaWUXvsoNoK320PySGLrqC9iEm4T7usLA%2FdtDXL7yLcVmU%2Bw1Hjv3AdMeNxjekZZ7IQeVSyLH2eM9i3CfLfouK%2FkQAto37GQowXfDJdEqeixmkPVg21BdgvVHgSxBDZzv&nv_mid=82160944962&cat_id=50002334,https://shopping-phinf.pstatic.net/main_8216094/82160944962.1.jpg?type=f140,32000,"['디지털/가전', '음향가전', '블루투스셋', '블루투스이어폰/이어셋']","{'종류': '이어셋', '채널': '스테레오', '무선방식': '블루투스5.0+EDR'}",78,,2019.07.,82160944962,False,4616424667,46
23,i13 Tws 화이트 화이트  블루투스이어폰 에어팟 아이팟,http://cr2.shopping.naver.com/adcrNoti.nhn?x=SKlCBT4XRRUqhl0wkpVwHv%2F%2F%2Fw%3D%3DsiiZw%2BdTTu4S%2FSdwPISJiwdbqbMQjQXT2wefbpPD4pJFFxXq5RRrAbf2VfWG%2F%2B5KyYhj0hxJgGcIVM1X39Zdpr6P2zIuAE9wYA1SCge86cLgWWkSX2DJIGOwmoeevc%2Fg2fxl7QRlRlgCoeNbFY1oz1YjI8JrioLQeWufO4a%2FHdknCffnam7Ftm5%2F84Y5GHP0cXjLZDa17FLaZgg3bkG34TdEaXVcGnTjdCu8UTdiH3yPPWMqvEQ%2B7TZpgLwnzkD76T9AexXN%2BqjCJPTBPyL9wpIYlFAdf1OFsetsPTCIBnAuWvYwmJsa4bvUi%2Bv3z9EVhLdwNCixGWra%2B5W2Y7JkVEXFoBld39Oc%2BM77KK34oOvzAM6MeDG%2FjseQ6ubtXjUwTEr2LTFgao%2BiepyBEdhxytFY7dvn5GY8i5Y8f2iRVbciRx7Advpj3m7WdeagnSj6PQX%2FfZaazc0QYOhutSZ1AMOVA6TGmBmkMN9CzN%2B9cGzJ1epXOeU9VzmI3R7ggqGBCAzGY9lde00oL4Hy0LKSzs%2BbP7YcQ8Vd9QDlZ%2F8132DoYHcxmrPwRfhdlE7jV2qSB9TE0AI5cXky%2BxX66GmKnZ4oKPPaP2w9U%2BT717ChfhH%2Bd%2BCu9lRcbePq7nsNWvsAbsBXo7c5mGgvIFz6YxbBosghJ4S6p8NHp%2Bnp%2FyQ0YUuXH%2F3FcSFzF0V2mu6Way8ifAMESMrTaUEJggJXEpFw6n66jwvGi0gEaL4hBnill%2B0Y%3D&nv_mid=18735689675&cat_id=50002334,https://shopping-phinf.pstatic.net/main_1873568/18735689675.jpg?type=f140,14790,"['디지털/가전', '음향가전', '블루투스셋', '블루투스이어폰/이어셋']",{},24,,2019.04.,18735689675,False,1959083390,0
24,애플 에어팟 MMEF2KH,http://cr2.shopping.naver.com/adcr.nhn?x=%2Fzqdhhd3y%2FZqx387OLW8Vv%2F%2F%2Fw%3D%3DsM0Y7VYbZbfIMpykQ6rAdS%2FfECnshgsOWTGuYjyC4qaTwMHFVfyRR41kkqop4BBe7tydSkyZzJiNXIVll7e2ZySarGbeyB6eTx7XqAL%2B7D8XrKz8o7tuc9Ij0b187ydbLzTJpMDkwSrrn4L0FQH4DzmM5ywTNbvkDUq403b3HrmOgL3H8K50yxowtGGzJXMBSPgmdnwEFEDI7yIrF9esOc54o1XJDMq%2BnL%2BrPjSV7wHc%2FN64mlPZWDdIWzu8WT%2B0bUghsueFhLhmO26gme%2BdAx8sP3PjgD1pF4Y9jg2jHOR1utIAK8463LVa6HQmTjYBo3Tg2Ry0vHLJhIAih9EB8%2BoLIaHrl4IE1YXfYsjwXrI7DY271zd1sYmrtIel2dncs4FEkKux1vrrbbsxPHMyo6LPPSsIZe4LJuXcsPA%2FwexZ9lMgB%2F%2B8iYRxbudz7RFGEAgfzuHCM3n7BaMu%2FKlroPslfL9IwTttfaNtR8b0GZ2Zl410yQoVUuKGfhcEsQh9wkumNjIYyziRk7v7aYljip25WjNZVAZlOlbZkyjBx85T76zhtcoHzzEwwTUrmq9V%2FdkJlDPcKoK%2FoN4zNn0Tf7xm5Ru3E1n%2FmMSqSu%2BZLd5xc6FUBXOKPGNpBR%2Fhodv9ejrmqFw3VmutjfJ%2FPW7GqIAQvAlhz1ju6tL3Kq5iD%2FZmbVktbD4XnHxYf4ABq9Bam,https://shopping-phinf.pstatic.net/main_1842862/18428627338.20190401154912.jpg?type=f140,170000,"['디지털/가전', '음향가전', '블루투스셋', '블루투스이어폰/이어셋']","{'종류': '이어셋', '무선방식': '블루투스'}",3070,,2019.04.,18428627338,False,,217
25,애플 애플 정품 에어팟 2세대 유선/무선충전 당일출고,http://cr2.shopping.naver.com/adcrNoti.nhn?x=cqcT7mKutt41%2FE5vmMjet%2F%2F%2F%2Fw%3D%3DsgxJM3nh39SLz4aGP%2BWapDLMAmdLrWpC4OznDjC5HSYdFxXq5RRrAbf2VfWG%2F%2B5KyWjPyleHI1%2BXJwYh6C7d%2BSfJozvsg3RgcBeele%2BgCodJpOMV%2FVMpBMPerVw3rrKOjLdJuU1BcqbuNEVpJ8XGrlcNVnLet3gZKy3VIrIUCnWb0D%2F2H1FIGiv0BmuMY7PFnCE88bR5lH%2FbGzaWkxgStubagyO7vv0vfFNs18d%2Be47V1WKReQ14l1D0pqAs40439qXovKPOc7%2BwfQ9%2B6qjdfvnziS%2Fd3ml6%2Bd7n6%2F50Se3MF%2BGNtffYHA7Wzu1X3aE%2BlUu494TEcYmeURY65m7HcHUcJfJu0wIQ1W6NYJf1RHR7i6j6aoXBoL%2Ff2GzAfva6mfejOgISFYexmmW1W3E1vD8hJczspxtm2qJQbkXuAiJXpg2n3vKLU6j2y%2BpF8yeXK7Os%2BAD29YG2%2FFN5hdaCjb%2BmMbovCtkjM6gsEMcIk6SzpkQMLqayATyhWUU0KsT7tUeH03Ubg%2BQE9DBkXxu81kYOVokvWXtfreTqUKjN5QoOn98CUHt1D1SCJjq0J2A3Tk%2FbZITughJKZf3IHuBOb0E9bd6uYioOuarLFWu%2BC4EkBkv%2BfuOMfgXUiqixVX0lVeP5q7%2B0qdfOetHBQIHT8YxCAcO8Iwfm8mT7AtANI%2BuOTohLKYdG3xSQw1AAN9K44&nv_mid=19735390207&cat_id=50002334,https://shopping-phinf.pstatic.net/main_1973539/19735390207.jpg?type=f140,169020,"['디지털/가전', '음향가전', '블루투스셋', '블루투스이어폰/이어셋']",{},240,,2019.06.,19735390207,False,B694003578,15
26,에어팟 ios 안드로이드 차이팟 아크로i9 PULS i8 mini,http://cr2.shopping.naver.com/adcr.nhn?x=ntIlTDDQ2r%2Fln6VA9rGXSf%2F%2F%2Fw%3D%3DsQ%2BflrHpNq7bJGzFO%2F70oVuCBpOC3q1GqeyQow4pGP5vwMHFVfyRR41kkqop4BBe7OJ3jhLZ4ymzDb1vPnEXzTvJozvsg3RgcBeele%2BgCodJpOMV%2FVMpBMPerVw3rrKOjSUx0aYgy%2BpNuSJuaHMAeCci0wzOxWXCLD2awDGTyPqliGVPbpNF3tDCUPhZDX5itu6AMBWeDToZ3WxEAnzw0IcdHC%2B5j%2BNUXNAjZd%2FETzrKlopbpieagPRoipJ%2FEZ19DagiK5o1NShQDksdLRQC9a2wx1KUZJVUHxfedy68wMUrnubdT0A5LmOWSEA0fbKvt6yyLYMPm41ELE3gsPfqNls6AXJ5gzkgiRb4xdihRWRQ4kaz2EhFOdqQfNeO7RBoKS8Nfhd0fDVuMJ3bOgcss6RbD0zRKk5bBuqEYjVJX3aQNatBIZYTtW086isaf1Uk5dOVfbZQc2UvAdpBXfP%2Fr22qmNKk4GDzWKj9nmimhrRjWzsO4hg4ynmZLOKu5ZlEqGfdDs3n997MhysfAFa8T0Sj8Q11Du7zqIqEe1Wf6%2FRZZEjxt9PYsWcdKCzhRjq5BXYWF4BZHwlRjb5p3%2BPQgDEIrSOGAiSlYgb5u1glULgYsfLXmx7yvXuSkEY3ZDR%2Fv7F5N%2FHdh21YTIiAQsqyW5L7nXVZbuwPrgRhIlV%2B41xM%2B%2BMcYD0GUF7Vny4zv2tnH9JlNPPE01t6hPriInQ0Pag%3D%3D&nv_mid=81952924531&cat_id=50002334,https://shopping-phinf.pstatic.net/main_8195292/81952924531.5.jpg?type=f140,21000,"['디지털/가전', '음향가전', '블루투스셋', '블루투스이어폰/이어셋']","{'종류': '이어셋', '채널': '스테레오', '무선방식': '블루투스5.0+EDR'}",58,,2019.04.,81952924531,False,4408402081,40
27,보호 earhooks 홀더 airpods에 대 한 보안 맞는 후크 애플 무선 이어폰 액세서리 실리콘 스포츠 anti-lost ear hook,http://cr2.shopping.naver.com/adcrNoti.nhn?x=K27HnFxglmONGYtQikk6Rf%2F%2F%2Fw%3D%3DsH84dk%2FiuqVAk6ND7UWUjMKlt60UrT9EqFQHQhrtXYMnwMHFVfyRR41kkqop4BBe7Wsae8wshCwItsz%2FEP33uy%2FJozvsg3RgcBeele%2BgCodJpOMV%2FVMpBMPerVw3rrKOj5WK%2B2sGWExcp8gSy2JNomW513Nw3L5zPKtRzHuruDfDhFcJWlbQSCxy15v7Aw%2FBDBQeRdX9LxnPR6RAPOAklE3zRSOBIOrzVMPyQ3hLcygL2pDwiPOtNdZ7qOakFMJtJ%2F6rCs%2B%2BLRQT%2B9U4HWoTsfmTZdCDYTlGHgOMN8EpMDNHU0%2FimGdKwlFUT0d3kI2dkptJr4p%2BbmmKEzpLVi6Uj%2F%2BG7Mv%2F0rqOLx39PuF1O3LzUz%2Fopf9sNC4a%2FsdLp%2FJkKM8aoxYPw7Gl6jKvW3%2FMsIGRSW3XzqtcbD4dQBHcxTu%2BsCUcycEV0Utkyjxf%2B%2Blldk4aqDmUHS1BGh9SiuJPrJmVyf4fEeIwpi1WJR%2F5%2FpRf41b1TvfQyNa7hciW%2Br3JhZZiQcNYjXmUeAMkutJpC7SFgEKQTG8iUvvYWOEz26q9k1Wv54Cn5m5pgtYvd0TiAEr2LTFgao%2BiepyBEdhxytJkpCrxVbFq4xtbb%2FZeSheKQaZwOf8U9RjLKp5eGp1Z8rq08Mr%2F2K9L5IZrzQN84woud%2Ftq6DOqnKE9NtqF3qlnj%2FXy%2FQQX8x9anpAZOXT79Wf0bIY7sJz2h7cpHiKP3rABCSiFMDzbG6tnPXCgUIE6fbQLfSSgQe5DCw5AHYRvG8OJfwiD7%2F2TyDbHXxp4oEM6MCkCaNHXl6h46kjcMbXxGQ7M%2FNb%2Bu67hd2Rrvugb5aXfI2wQG8dGOGDV1ImgaLZgAQJFARQ%2BohiG495E9qXQQeV7Trmmx11ukt2IYWjuSjJkscc6vLLFACPOJa%2BPe0xwtEyBlNASqAJ%2FaIncOIj5Hd9c3DPwgdkrAbdufIkuc8SDJTXS2YL5sdewhH64qX1w4iyDvOptwh57n%2BSx8BtA%3D&nv_mid=20469790136&cat_id=50002334,https://shopping-phinf.pstatic.net/main_2046979/20469790136.jpg?type=f140,1324,"['디지털/가전', '음향가전', '블루투스셋', '블루투스이어폰/이어셋']",{},1362,,2019.08.,20469790136,False,32952755270,0
28,에어팟2세대 유선충전(MV7N2KH/A),http://cr2.shopping.naver.com/adcrNoti.nhn?x=SXUw2HogaKFexxIMK0ylGf%2F%2F%2Fw%3D%3Dsl%2B5w4Hs7UPZekFQiOJXL2y%2FOUsSwuGgJhbQPDldCHZuX2Vp5lJDj17PFAuvRflaOxulVsrUgTMEuU%2ByK3rGIf7eiVDj0liwdORz5yZ%2F0YcBOafvfgoBLvObUPqTnT7ZqBhd%2BLD7g4lp7Kmi2hwL7Eh4z82zYYvHzehVT%2FYLf4WJAeoUEq5QbrqL%2BaJpSPuphG%2FGa446pSFYY2o2kzDT%2BOXxAwytxZCtBbfYqK%2BlnvI11Vb1XzKmjD6Idarsaoct0rEaUcX0jgTeKstHoo8iewDhMchfD18%2FlsnPVfwAzT5uHk7IPkNqV4qPG39TLNnvCzVR%2BUjLhsDHsOKruNhhgxD8SiFhbTwsXXFCZxx1GKU1dIcdV0T%2BnPV3H2IIxaRl%2B0oDGMwapsSjm2qH7KqQOmPpsugF9NLJCtE2fShgqGxiHf7p0y5BW1qDC4HmjypntIDsRnRVSWsEIPItLlwL8osa2i73NIHAeOv9BexuxOPH%2FEJvDEMXFBukQxphQl17J%2Br%2BnngCZvETXY3ePhQjLx9KZerDFA%2F%2BPi2IhDsYxxTjUcLBFUdnm%2FUSOH5OeCs%2F7IxqLTJdmh0v3ZvqnPUsdKGHfpZUlrIMeHXbQNfXtbJhL%2BWZyNRgglQbh26RQEP6OS3zMNyFmIKzVFbaH98rKWQ%3D%3D&nv_mid=21085994495&cat_id=50002334,https://shopping-phinf.pstatic.net/main_2108599/21085994495.jpg?type=f140,98060,"['디지털/가전', '음향가전', '블루투스셋', '블루투스이어폰/이어셋']",{},empty,,2019.10.,21085994495,False,s20191015fad0042fc69a0,4
29,마카롱 이어폰 아이폰 안드로이드 칼라 에어팟 블루투스 5.0,http://cr2.shopping.naver.com/adcr.nhn?x=1gvKU%2B8PPzFTB7vwe48qUv%2F%2F%2Fw%3D%3DsNDq36CGzQiZwJRuYRePyDaS15%2FA08WkjiZ7SK7CWaFzwMHFVfyRR41kkqop4BBe726nZQTr4tqQl422aZV9yH7eiVDj0liwdORz5yZ%2F0YcBOafvfgoBLvObUPqTnT7ZqK2od2alM%2FLjy82Ua0iQGL3mbg%2F3UJJxfnO029GoqU8GIvZpKtOxFems%2FwkKKoxGRHtOhFS1deBE1eCKILGUGxYvRNxBaMu7EApLHwmXKBjh9LsW4RgipVPKA%2F2IN4cAJ4mmic2vQ8l3OPvPdLBTB59wUzXNaLvM9Oy%2BqxIs2zvmDU1sOt4mP%2F%2FuCWIKhRr1rK%2Fk1Z3OuRLzo09%2FmS5NkkzvgzhpTs7DWMQgyxxN1khsde%2FqciPsaNbFRW07CbxJJCCquBoDzEG78mKX6bE%2BPxMVsO2%2BtOsjAPrMaIDIg%2FxspWypKCUM2L72LjyIBoH4HvXfQXtqR%2FPpKDhTy9L6kL5RUxabhRRpURe4ljS2Xhs4Ygd0MXU5cG%2BvyJqIL%2B4UB4TpBjxries4vBttX83zeyUJKuAcYDZT47i5qICAB7XCj6JmmN9TmJXykbxQlNEotAoLZbkVrS2Ekbsfl7%2FhRv7wTajvhAkJohGpqu0dzeiXKkA9zKdoYyrWlmhCEjeCuA%2BqJ4DRN5fKZfSRRb%2BzJzr5PEjIolYv7wpjVnitSd3Ad8F0gAz8OGPhtdaphv%2FOM3jBaebacAn5KnEZCQWIT3uA%2BcDf5MjeTxcCCZbgN6sc%3D&nv_mid=82214473403&cat_id=50002334,https://shopping-phinf.pstatic.net/main_8221447/82214473403.jpg?type=f140,10850,"['디지털/가전', '음향가전', '블루투스셋', '블루투스이어폰/이어셋']","{'종류': '이어셋', '채널': '스테레오', '무선방식': '블루투스5.0', '구성': '단품'}",47,,2019.09.,82214473403,False,4669952769,29
30,[유선충전] 애플 에어팟 2세대 Apple Airpod2 (MV7N2KH/A),http://cr2.shopping.naver.com/adcrNoti.nhn?x=U32P2PU7haI0vpDVwKpsZv%2F%2F%2Fw%3D%3Ds1kiQT4I2WtsWdmd89m4JXc3UOT%2BohUAa55mgL3c2BUCX2Vp5lJDj17PFAuvRflaOLxcXnlHTA8YoqJCBsLg9jSarGbeyB6eTx7XqAL%2B7D8XrKz8o7tuc9Ij0b187ydbLujE4JAtqpejOkmDGh9K846Vtjn7CchApkZRVf85npqqUPi3z96Rtc0VrLBdotPflOkI9UozMfJehyMU9nYULSPXXb427kqSOjTfPMm1yDopgGodDhkDzNLLtPDxUWKYFYqRy2fEDdlllj3hFfC2LKhvtWLMKp7OVzi%2BwVtd%2Be2LgsFiEBK6XnGgefqSF6qBwGRopfulO9ezpYbV7agBtVUdjIl4kYGK3tAp5UyAJQ36HCl52q%2BGNPXzOfsxDzcw%2BO%2BDOGlOzsNYxCDLHE3WSG9R7TpskXqXZX%2B4AXcrROSIDBj5m0jFpxM%2F6jEPaLUm3N1p6yly0AS%2FJipwLCcuOeUfICZXs%2FNDf4RzbrIbyYiyqDjUz8mKNeSOcRVZixaa1IfBF871z0QDe9o4n8a%2FHFTMYWAcESKyxT9e93gJhmca%2Fr57tDsjfqQzK7%2F%2BNh%2Bcm8CBCWVWwLXdoxRvoqgCvcPTDnnxhPGORZV9H3NDqTnnuUoYqYc8xmD0QHxLlXHhJPnj3k0dyVEEqI4hz3kn0%2F2p885SkPi4Kwg4TO0aoWzyleVZzYSXyLkjcXXIcAaXSs0l6BOXG%2BnxQTY%2BWOgEPmw%3D%3D&nv_mid=19699444396&cat_id=50002334,https://shopping-phinf.pstatic.net/main_1969944/19699444396.jpg?type=f140,168960,"['디지털/가전', '음향가전', '블루투스셋', '블루투스이어폰/이어셋']",{},6,,2019.06.,19699444396,False,2399049627,0
31,애플 에어팟 2세대 모노,http://cr2.shopping.naver.com/adcr.nhn?x=tgaxDLh8233GFxqH4isxK%2F%2F%2F%2Fw%3D%3Ds6%2BkEApKH35bPhXztwxHZjmHuLjPV3a5HbkfxewjQ82nwMHFVfyRR41kkqop4BBe7L4jeKG9ji10tHhGrgM02XCarGbeyB6eTx7XqAL%2B7D8XrKz8o7tuc9Ij0b187ydbLzTJpMDkwSrrn4L0FQH4DzmM5ywTNbvkDUq403b3HrmOgL3H8K50yxowtGGzJXMBS01HoEYznmfga56fHdPvSqTkgn%2Fu4EwLtaB5jFEsHfx8%2FN64mlPZWDdIWzu8WT%2B0bUghsueFhLhmO26gme%2BdAx8sP3PjgD1pF4Y9jg2jHOR1utIAK8463LVa6HQmTjYBo3Tg2Ry0vHLJhIAih9EB8%2BoLIaHrl4IE1YXfYsjwXrI7DY271zd1sYmrtIel2dncsn3N7AEbsJ8iZnn6noRbLcO1O6N1WiiJa7PrHuUmOfs6Ivn2wcgNbRCZ0IHdX8uabVii7AhVLO2593Q4e9wYF0uOQS0NqT5%2FvWv2ctJ0FTQwZaO1NXbgkpTBydkG%2FwTW6%2Bzr68%2B%2BC4OAnTk3Mi9Aad%2FJM5NP55QM6WYNgi%2BR8e%2BrgbCyuspUzaGSLAAfkne8rjLo93rKGv%2Bs4O2OvSltyWyItOKtezGyXSMTbHs5phfy5%2BrTq8B24KAgSqeNWmrIWbKQduWJFBWuYc466YiC5Ucv28DGuwcr%2BpRRvH4lFLHCVJzfjQBoreXjK0V2epISR,https://shopping-phinf.pstatic.net/main_2019040/20190400738.20190712154217.jpg?type=f140,65740,"['디지털/가전', '음향가전', '블루투스셋', '블루투스이어폰/이어셋']","{'무선방식': '블루투스(애플H1칩탑재)', '통화': '3시간', '단자': '라이트닝', '품목': '무선이어폰', '부가기능': ['가속도계센서(동작,음성)', '광학센서', '급속충전(15분충전시3시간재생)', '자동연결', '상태표시LED', '터치버튼', '자동전원', 'Siri호출(두번터치,음성)', '듀얼빔포밍마이크'], '용도': '통화+음악(스테레오)', '음악': '5시간', '착용형태': '오픈형'}",empty,,2019.07.,20190400738,False,,37
32,애플 에어팟2 유선충전 정품 MV7N2KH/A 실리콘케이스 포함,http://cr2.shopping.naver.com/adcr.nhn?x=wmUyw8on8iz0c%2BiedhZIJv%2F%2F%2Fw%3D%3DsLDHVP0byKxEztOQR8auwj53Opi8njKryd5Zg2nK5LihFxXq5RRrAbf2VfWG%2F%2B5Kykw5X6sgUYHJM4oLJiMXIdPJozvsg3RgcBeele%2BgCodJpOMV%2FVMpBMPerVw3rrKOjSUx0aYgy%2BpNuSJuaHMAeCci0wzOxWXCLD2awDGTyPqliGVPbpNF3tDCUPhZDX5itCaMhGIFU1ezEe%2Bs1Q6rMKMdHC%2B5j%2BNUXNAjZd%2FETzrKlopbpieagPRoipJ%2FEZ19DagiK5o1NShQDksdLRQC9a2wx1KUZJVUHxfedy68wMUpH2xE7NxFYWoZ5cETe4BvvppgvgxhtkU5%2BoH42k8TDbR7yY36GD4TdkopDGPX9vv3ju8IO3Nk4lzb4Xd%2F1P6tlD7b%2FSWq4C%2BQc72ErPvShQ6D%2FYqI7S7U04jJbrDS4Xwv%2FQEIsbOm%2Fo6%2FPndB3JpRkwO%2Blp1M26LFznThoT5tT97FURi1lOriYMo3rBZ0ItS%2BkO311kw%2Fwby2%2BfdcPaX853Y1GJi35YaeGAfZ5pKZniGT6pHJGhKOVAtV8KLsyoUXwAqn8OcEs%2FBzl6cCbJO949MOefGE8Y5FlX0fc0OpOeW0bhD2vneQ%2BGWGxSKtQ2Ap16baB%2BQMJKHAZdMsI7Yq3u3gcArsdD5M4PjAJqNx4unn1ATfyLxM0vaJZhBxzZP7vzjupyDISH5hC8NuTunyuqfpfcmjRHgQOQKbx9GF1H%2BFy%2BXHRYNUjFF3CAXMsHNw%3D&nv_mid=82193831022&cat_id=50002334,https://shopping-phinf.pstatic.net/main_8219383/82193831022.1.jpg?type=f140,169000,"['디지털/가전', '음향가전', '블루투스셋', '블루투스이어폰/이어셋']","{'종류': '이어셋', '채널': '스테레오', '무선방식': '블루투스5.0', '구성': '단품', '호환가능OS': ['iOS', '아이폰4s이상', '안드로이드']}",130,,2019.08.,82193831022,False,4649310547,87
33,QCY T1S/T2C 무선 블루투스 이어폰/에어팟/블랙,http://cr2.shopping.naver.com/adcrNoti.nhn?x=pQXm%2BOEDqPhQ9uu%2B%2Bleeof%2F%2F%2Fw%3D%3DsgP01fpy8eYYPvFC9l1iZqr50%2Bbcg6acZ4DmFi26R%2F1aX2Vp5lJDj17PFAuvRflaOHQIyk%2FODIoaMbxD4lgDqZiarGbeyB6eTx7XqAL%2B7D8XrKz8o7tuc9Ij0b187ydbLWR9qda00Y1HfZ6TX%2BdqplQYQNggSZ89O0QFXcLml1y4WW2sgOFLy7D3ejLFs7VBacfZ7354pWgT93s%2Fq3zAiiAF605OzXJk%2FGv8GDY2bbsXVX7F7YSEyof2%2BVO2MW9uww0L4KaCQF5zGsbuPVBRHIcAQxrsSxBF5u1mkd6tl66Jo2GOzkkbESWUTvpEEmKuIMWMCmAhdsEoXmF87bWtZPdCsIWK3wFRJjG%2FzIRAjM0Z%2BCrZhe0tpaCpo%2FIBTdyX3IH7LxPt2URt86rA%2B4BrLcjZCtP6ESp0Ll7Qm4ZDE9G%2Fi6j6aoXBoL%2Ff2GzAfva6muQpI62sBEr3Git25O1pxFbY3HTFgmJNals4fEwxRr%2BO5p%2BsJ8%2BOZXgdNo51unPd%2Fg4tJVTP9c%2Brd9TRGCZzvE2dt4J%2F126hvKZiXEiVawQ%2Fvx6d%2FnZ7WrMdT1uB0dUAvRkOzPzW%2Fruu4Xdka77oG%2BQeg6twrkCpemHJzuY%2Fu%2BmfRCygWx5j1AXXw9hfhQmKdMicX37ae1rVPDUoR%2BbQ9BHL6bscu%2FIbP%2FUBDuOslHoDHjgRFU1BqaUOY6wYKd8w0R3fXNwz8IHZKwG3bnyJLnMji0g9fU%2F965uSILlAmnXtcOIsg7zqbcIee5%2FksfAbQ&nv_mid=19795740731&cat_id=50002334,https://shopping-phinf.pstatic.net/main_1979574/19795740731.jpg?type=f140,26010,"['디지털/가전', '음향가전', '블루투스셋', '블루투스이어폰/이어셋']",{},221,,2019.06.,19795740731,False,1585152508,0
34,[엘라고] 에어팟 스트랩 [3 color],http://cr2.shopping.naver.com/adcrNoti.nhn?x=nMDP%2FpBXyYUuufRjy4HNOP%2F%2F%2Fw%3D%3DsPgqOHriC6s7%2B2n0N3BIU0Ghbjo%2FbhMyi379djCSod6bwMHFVfyRR41kkqop4BBe7qF059wldYblcJD2ceL%2Fxi7eiVDj0liwdORz5yZ%2F0YcBOafvfgoBLvObUPqTnT7ZqWhRuzdeXXTMzTM1iNwUbZMHUd3Q%2FhMjumUA1dIdTnfUe2qqpVZCFe156b8xr4CGQ0pSxkv1GzsslnrVsvOHPLjXPBhLZFHDOlEsB91tuHtryM7H9a3d0dX03nsqpT4YyFEbtAvgA7cvidhC7B1dQ05ZVuxcAKOGSHwZdmSMmXjq8m6ZxMcODNNc8hclrx22hYkwsdHiSlGatnHgUxIU6Loq36psyJrT9wfsKiU15GEqGpTf1W0JYE0M%2B09VRojNXEpNT7LWpf55aIvSEFNeX5lCngMUwE07uKdi0t0SnnM5l1bo15acBmOqMIbPgn5HWT9AexXN%2BqjCJPTBPyL9wpIYlFAdf1OFsetsPTCIBnAuWvYwmJsa4bvUi%2Bv3z9EVhLdwNCixGWra%2B5W2Y7JkVEVtEetCLiE2inR1I3SOg%2FRRHaHaFn3nF9EKwQt%2BFMw8YkDzQytr6e6FoPQkAvfmPzl7lE3knFLON6zh0zgNy2r0cwTxt9TIsCkFs44Odu0Uj744g2ivPCJIuUTyhmFZZHaYWF%2F71S9OCTWzkr47Wy0k0b9QGyZznzpvje7XboRQcGbOAz9kZQUz9DE37%2FwgD6gHGAh73XZ%2FLLz6RMArp0HzPH6kyQaP7gy151ohMtQh08EAsiCcB2n0oN%2FoJv6Ku4Yh6csgjbZpnTEJqARkqL0bKJWJBlpz8l718wAKXSUk82ITVTPjXXnNYcbYGAWdx0gob48NTHx8gYxup4mP5IkqbVktbD4XnHxYf4ABq9Bam&nv_mid=15142858596&cat_id=50002334,https://shopping-phinf.pstatic.net/main_1514285/15142858596.jpg?type=f140,8910,"['디지털/가전', '음향가전', '블루투스셋', '블루투스이어폰/이어셋']",{},empty,,2018.08.,15142858596,False,132139,0
35,[애플] [당일출고]애플 정품 에어팟2세대 무선충전케이스 우체국택배 당일발송 국내A/S,http://cr2.shopping.naver.com/adcrNoti.nhn?x=5DI%2BbMFyAdk39ZNl%2B92bhP%2F%2F%2Fw%3D%3Ds%2BQJ1qCAadhnUd2AuxAbOc5yUVTQxmd5kd6%2Br6Zf4%2FbrwMHFVfyRR41kkqop4BBe7P0PQ76gG1vgfnFr%2BuPSMDCarGbeyB6eTx7XqAL%2B7D8XrKz8o7tuc9Ij0b187ydbL55jpPcrIhkju%2BnSmsG7kK34Ev2H3L3ZJzXr4lmtOTxKKI1HWirHmXXQWsiVML8ITJ99BdK%2BmIM2FA7JrefLAUaxtK%2F8eadiYLHaIdIiZX89ZK%2BWnn0v8u%2FnbsliPrhI8eSLAyzxiO24%2F3pDBKAj2EGq1CwXakpQvdzhCwfKeNawNtvmkR9AXSVzSVIC3GMCvUtDJRPWYadGXXsZSxq0ev0vzvg%2B7Sk2187HPMvJEPpXG1ZlXJs7Jd0f9ndMnPDsrh7KVb3zJyGDk6if0U7%2FuZQj%2BYFUvlInDaiBtQUX8HMgm5dFpYcnrrW8ydRITC3hBXNdKKn0wol9CZuxXIurZ%2BY9lHpiS%2FoNJMkbOtXnHH%2BCAvxBNo2iaJPsDSD%2FXdRZmQ1OKACrATDHcTyvzR3PrkdBzi0do%2BM58LgBmbH9rw%2BeSgAVqTOwx9rXAxbidowPxlaAM4%2FAgC5J4mz2HG3dWWrX%2Bb63BEON9S4ZV5V3aIK2qRfGFHr8Q6PDrFSQGJ9PlMz8yjjwvN77ALfGNNTCeYNlyWL5US6XLfF0ZqrSeZ%2B4mRpgXNNZEfA5yupqwf2lcBFv1gnKGm7ZVe9vInwn5EW8Fp%2Bjnu7gR5zmrZjhkoLwIhyZZXITbY2EDx0KORYJdiyTBeHX0SS%2Bh434WQpHAxwBfr90Wo6%2F8fjCc52KiElnXIH7Uq388X%2FMNZSdZT94wXDiLIO86m3CHnuf5LHwG0A%3D%3D&nv_mid=20775209086&cat_id=50002334,https://shopping-phinf.pstatic.net/main_2077520/20775209086.jpg?type=f140,129000,"['디지털/가전', '음향가전', '블루투스셋', '블루투스이어폰/이어셋']",{},empty,,2019.08.,20775209086,False,254160557_254160557,39
36,애플코리아 에어팟 오른쪽 왼쪽 1세대 2세대 한쪽판매 블루투스이어폰,http://cr2.shopping.naver.com/adcrNoti.nhn?x=MuBzvQTlp447VSYXqpIDCv%2F%2F%2Fw%3D%3DsFRYwmX746ojKKGurO8fo0QWt%2FA%2Bhe23Bp69ndpcU7XSX2Vp5lJDj17PFAuvRflaOioQjSgA5isjJNII8ZHPmGbeiVDj0liwdORz5yZ%2F0YcBOafvfgoBLvObUPqTnT7ZqAL0c8ha9Q3jz6Cld8GfsXjF09YHKfhDcGakXGPXWVHFfUflHaxtCPzCWQpSqAxmqbVojpjVux68CTMKIm0e0gOQuQXPB5ApiO0KpyrMFiSNuRP40u3xG%2B3BjMwgq36JHSrM6xQjaZEAmzkERXeW0xLH1%2BLzPOAqJQ1iu2WeVJwuL0TcQWjLuxAKSx8JlygY4fS7FuEYIqVTygP9iDeHACeJponNr0PJdzj7z3SwUwefcFM1zWi7zPTsvqsSLNs757iNxHuIqlt7uOeHMumyTNTvcif28O4E2L8T3g1o3o1Ee8mN%2Bhg%2BE3ZKKQxj1%2Fb79lrz8m6DFIq%2FK1ewL04wT6ilBDt3pCy22L7Xu9%2Bmobz4PqowkJMGbKcmEbzvcEHyrG28Dzky2u5avSb9SKFX8%2BAxkpgqxRLdc53bkA2OzYDQV90zc12l3w9X1rQb7nidrLI42anrgGV%2BzwPY7k%2Fg2T5v0xO8tlli1Zp%2FkZgMBKpTmym6FrGUmP%2B8xDEkfVchJ2H8czM0IJmf0BUo5NrF6ZYvCr2pveieiNxR815mYKAtRp%2BoINFV63Vaikrm95U6DqYasdPhirrB0qb3EbWB9ijzC9dLYPGP3DmACAoj348P2QcQ9P%2BxnQQO0c7NkCYYrc%2FG%2FE0ScjW9C2yzBwWpyjBBiusnVGRwBhsP9kmWk91o%3D&nv_mid=20857207385&cat_id=50002334,https://shopping-phinf.pstatic.net/main_2085720/20857207385.jpg?type=f140,73000,"['디지털/가전', '음향가전', '블루투스셋', '블루투스이어폰/이어셋']",{},3,,2019.09.,20857207385,False,P298632464,1
37,애플 정품 에어팟 2세대 무선충전,http://cr2.shopping.naver.com/adcrNoti.nhn?x=cI%2F4KK1kIE%2FCfrqXyCEbzP%2F%2F%2Fw%3D%3DsnpFh3qSLEJT%2FRQHwAmWZBs6cyAKd8awOXDXkQs%2FOJHBFxXq5RRrAbf2VfWG%2F%2B5KyqKVsu4AxJMBJT0eXfFze6fJozvsg3RgcBeele%2BgCodJpOMV%2FVMpBMPerVw3rrKOjvsH0qdg51SYUrBvssivhJ8wJmDbtGkni%2BgRKKJPvmBGRf3BoSP9qmM2%2BEHEnYfUFn7Fz5bg0aiNHZ7rAL7lcCns3EBVuk1pKi8eVmveo30g%2BV7AAWFETTCSmdrAXp8xsaBexIODtekNjQ1otcmuEF2JGMaMNVq0Izl3dVJxZn5OL0TcQWjLuxAKSx8JlygY4fS7FuEYIqVTygP9iDeHACeJponNr0PJdzj7z3SwUwefcFM1zWi7zPTsvqsSLNs75TvlgCpusFXUNTfsNcbZAhcBabOdeJv%2Bd2AzCOC5Y2Imex2CankK%2FNtIt5kkTGpRRI9uDw%2BW2gHtutBfxEjjQEGE23e8GNY4vrcWNkCblGVDoBSIFgJLHlkSEseM%2BngNRKMvyjtJZXnMcQjsRg4eJiV6gXEx6bR6vvAaPzWcHy1GtLwHzG6qLbKs%2BN3FLJRjFuBM3VQpDAefzkFqi7LLJFp7hS%2FkQWwXP%2Fh5XyNZnKS87R7U0c5YtC2wncQtmm7XyqkUKdP9szPE0G90U0vyZLQ002qnKKbfpx8ITSdZnKCu0h6Tj8kUumNJxE0viK59S5EBsg1Sy3V6p3uuSR684Fg%3D%3D&nv_mid=21027100371&cat_id=50002334,https://shopping-phinf.pstatic.net//20191013_10/e375a23d-f6ab-44d2-ba68-d605c1be3f48.jpg?type=ofullfill_200_200,191020,[],{},240,,,21027100371,False,1677292991,0
38,[신세계백화점][국내당일발송/정품] 애플 에어팟 2세대 유선 + 바나다 무선 충전 케이스,http://cr2.shopping.naver.com/adcrNoti.nhn?x=RfMBfh3C0dEX6iQSyO3K9%2F%2F%2F%2Fw%3D%3DsYLd8oadRpndwhrmK3h5sFCmC8kCn5Eoa4RCiwR2slkxFxXq5RRrAbf2VfWG%2F%2B5Kyw%2Ble3gA2WE8dlbrAwhzhmreiVDj0liwdORz5yZ%2F0YcBOafvfgoBLvObUPqTnT7ZqFJ9rNg1yyRo%2BE%2Fjcwu53mUKQtdCvZRMDoWiocBeUETWrBa2GIMtQEWn1pMyYGrrcjRyCuKsPBbidxcW73vG6gTpoVjqp8x6YhoQokunOqitopxsbvu4cW0jbESceeEECms%2BEvL%2BRu7IIJdroA4xE9t2vBS5YAob8Nm5JsZh%2F2EF1WKReQ14l1D0pqAs40439qXovKPOc7%2BwfQ9%2B6qjdfvnziS%2Fd3ml6%2Bd7n6%2F50Se3MF%2BGNtffYHA7Wzu1X3aE%2BlYrm18uRfwRhI7i%2B%2ByGQiuJKciuip8Y0%2BiRZKx5wb3l254ZnAWs39Ys53l1FV%2FKI4ItpBaXoDuExdnuVGdrm7Vy9ZXzfK1Im77iNFERFYk5NtrLX5WG1Qa37j%2FfkzQmv0uWojtI8lffXG69QOsUu%2BlZkfGX1xcHyRQK%2BAFiEgcrXqyxjBigBMEK78XtvUirdF%2BVmbcPKbRX45bk976BXRh%2FpJUKgJ8GD%2F1GuvMs39fiw2T2oYuODj7KA%2Bc%2FTmQHKe8imNNi9i1V9QVOmVTe6tyY%2BvHU%2BoFxaW2XDPXtC9xu2wadHRg6nCyzzxc91NDuouWDhYzcwH7TEXpJySLlAh43iBGfRuG4Taa3TO4SfAx0fgU4KkidXLNvxgkRftynSxqYAXwcgGMXrC5qxrgcnhHBbeaKxi5dMQA%2FHJlvazTHod%2F5Sdi5PUL1bi2h9BvII%2Fm1ZLWw%2BF5x8WH%2BAAavQWpg%3D%3D&nv_mid=19605906124&cat_id=50002334,https://shopping-phinf.pstatic.net/main_1960590/19605906124.1.jpg?type=f140,200200,"['디지털/가전', '음향가전', '블루투스셋', '블루투스이어폰/이어셋']",{},10,,2019.06.,19605906124,False,1000034381963,0
39,[애플] 정품 에어팟 2세대 유선충전 MV7N2KH A 고급 철가루방지 스티커 사은품,http://cr2.shopping.naver.com/adcrNoti.nhn?x=G%2Fj7K1EXGqT%2Ba8YwNCBSQf%2F%2F%2Fw%3D%3Dso5nwa%2BLzMGwx405VhIMynUnKtWgNZ7JaYxD4KrGJwTJW%2FPzaE7m4v5r7WRMQpV3H6YdgXFC02nf7NnZxFACPk%2FJozvsg3RgcBeele%2BgCodJpOMV%2FVMpBMPerVw3rrKOjvsH0qdg51SYUrBvssivhJ8njlECohrbalb%2BktIEJdxhoyr6PKkRvSbvl%2FGKwZ6g2IVoDdj%2FjahMj%2BhN2pgWTZlSZwHlWzOu348c%2Fb2bLr%2BtP0B7Fc36qMIk9ME%2FIv3CkhiUUB1%2FU4Wx62w9MIgGcC5a9jCYmxrhu9SL6%2FfP0RWEt3A0KLEZatr7lbZjsmRURgbIEVx1dUTgLfJvrknnLUo4mFClr652b7%2FQ1jq4L2tdEX3wD4BumWOKprII2XTwbXwnw%2FcYsQ3xYAXSwo1fIkJ6c5pTlOhUbCwqG7032EWYBIBnPKjeBGfiow9dz91BkzMFPUCpotDr%2FjgXfOpmhAQFiiN4SbaZfH2NJqfpLo2Bx0iVslgjybN0mmdrz9ZnuxyJWonWRJ8Lk%2FQuRigp5q45MM%2FesO7clxxunLLKvPY6Qqhq%2FMy%2FAICdFHtdwISa9RkOzPzW%2Fruu4Xdka77oG%2BcG2V6XPPSUp1rU3t8jHaiGFADUQbTP5KeYhxQ7oaSEEPp6Kvpk6LY0cYtZn6GJj6Ti4ARwVVEGS%2FYYjgDOCNuZTc4V9mgUae3JcBwFIxLh1HX%2BvgvzSTvwM1%2FonXJvxe1HhoXWqemqPLp332MJbAjg%3D&nv_mid=21099236354&cat_id=50002334,https://shopping-phinf.pstatic.net//20191017_5/9553850b-0824-4cdf-82a2-1aba7462965d.jpg?type=ofullfill_200_200,163500,[],{},61,,,21099236354,False,2569752958,0
